Date,Location,Minimum Temperature,Maximum Temperature,Relative Humidity
2023-03-04,Adilabad,0.0,0.0,0.0
2023-03-05,Adilabad,34.05548527340839,39.666577557850545,29.089349383391525
2023-03-06,Adilabad,36.33331279108739,36.333321732403675,21.020097920603533
2023-03-07,Adilabad,31.33335071449593,36.33332987549235,36.1993607672285
2023-03-08,Adilabad,35.055542947418374,35.055560272738376,45.01934742911873
2023-03-09,Adilabad,29.833352889929525,38.16665412145829,48.619576217558155
2023-03-10,Adilabad,30.05555774185085,38.83332668231696,45.709961625154705
2023-03-11,Adilabad,32.66665625800398,37.05556184743778,45.59999641881074
2023-03-12,Adilabad,30.055564822273837,31.666693721456536,59.139410280527024
2023-03-13,Adilabad,29.833336598502434,32.33334164829327,70.69928744206398
2023-03-14,Adilabad,31.16666722654257,31.833348925471714,56.15046901667377
2023-03-15,Adilabad,29.833373911051705,30.055604623810904,65.98001298484921
2023-03-16,Adilabad,49.08332643920092,51.88889171778885,65.55544602560451
2023-03-17,Adilabad,34.33345078853291,32.00017457605989,38.90285537532096
2023-03-18,Adilabad,29.162156577484144,37.188461885787646,51.80370937935733
2023-03-19,Adilabad,34.47330964116592,36.786255782946846,53.35815939987263
2023-03-20,Adilabad,28.717519381716787,40.31084052507479,46.1607826321101
2023-03-21,Adilabad,31.564597279819466,37.75343822024054,47.757883277999284
2023-03-22,Adilabad,33.92509787985878,37.179581101876735,48.60576547108329
2023-03-23,Adilabad,29.80313478071608,29.36907744230071,70.60230137338688
2023-03-24,Adilabad,30.293755117996124,34.61786869710375,71.00801358837359
2023-03-25,Adilabad,32.81418429788919,34.75599754610241,43.69258022290281
2023-03-26,Adilabad,31.477396761164787,33.81331933210584,59.952745197980505
2023-03-27,Adilabad,33.642125604777185,37.103101644900086,41.618519139634614
2023-03-28,Adilabad,34.45173151500684,42.35017400555617,28.28398983131636
2023-03-29,Adilabad,36.21943863032958,41.3090127636668,25.363787311478006
2023-03-30,Adilabad,31.163225342343644,40.133649794388795,41.38752922248011
2023-03-31,Adilabad,38.17920798668047,39.15293387175739,27.8082884081731
2023-04-01,Adilabad,34.141329675220526,38.64521951212405,40.24428738176221
2023-04-02,Adilabad,33.50766418689171,41.031135815190225,36.73797668659691
2023-04-03,Adilabad,34.411997399728584,33.81036813629917,51.55014766799229
2023-04-04,Adilabad,31.98829140823369,34.37559965659028,54.389165913233356
2023-04-05,Adilabad,33.704414145715134,38.129697287838226,49.73251533487393
2023-04-06,Adilabad,32.49195134819472,36.702807248649975,44.71346387042483
2023-04-07,Adilabad,32.700682047448154,35.939380289312346,51.45475478238288
2023-04-08,Adilabad,32.98168697985115,36.17472888730526,41.20669121025952
2023-04-09,Adilabad,29.981691441288156,37.151504420408315,58.64402430152003
2023-04-10,Adilabad,31.867988511975557,36.21797686160498,44.09241194068526
2023-04-11,Adilabad,29.77437656033665,33.983972083880886,66.32749688484259
2023-04-12,Adilabad,29.800478594684087,34.57317875566445,60.54065422751656
2023-04-13,Adilabad,28.532682580403307,35.9418757777095,62.540127061022794
2023-04-14,Adilabad,28.116350383965393,33.67012882281809,66.97572156579636
2023-04-15,Adilabad,28.56811353029307,29.465201324124614,73.70370040432168
2023-04-16,Adilabad,27.659900892403986,32.09772061547146,77.01390619928176
2023-04-17,Adilabad,27.271182154758712,31.874834386484167,74.62602889244371
2023-04-18,Adilabad,28.478305025037127,30.9066880096994,72.80046392837387
2023-04-19,Adilabad,24.352276794052813,27.605630114664525,88.87504108530678
2023-04-20,Adilabad,25.864953149753152,29.893244153589507,75.7839873506507
2023-04-21,Adilabad,28.34143797515287,33.72634812278029,62.836671111668906
2023-04-22,Adilabad,27.562549875177332,31.094717430878642,75.87308135962463
2023-04-23,Adilabad,27.490424177961206,33.66579359279092,69.14948088275298
2023-04-24,Adilabad,29.12308009338077,32.68268767561038,70.29181452709521
2023-04-25,Adilabad,25.402520310330775,28.912236407561117,86.835798956271
2023-04-26,Adilabad,26.13929427529403,31.583725263023133,74.77732853267602
2023-04-27,Adilabad,25.353989631232608,27.3833640316511,89.93834055533345
2023-04-28,Adilabad,26.168221866278074,33.83559095558441,70.18210688016012
2023-04-29,Adilabad,25.603844614696854,31.836787506345765,74.72060872220963
2023-04-30,Adilabad,29.957932993830557,31.861250473560457,62.393066297098486
2023-05-01,Adilabad,25.256212914170742,28.467986273467208,88.29877331192539
2023-05-02,Adilabad,26.842203951266633,30.90731896076571,67.36979401928768
2023-05-03,Adilabad,28.098860797593645,32.325125785800516,71.99006754653894
2023-05-04,Adilabad,28.912875146805465,32.33777291060637,65.50983845037787
2023-05-05,Adilabad,29.068350982417787,31.75545219030417,69.70059331414758
2023-05-06,Adilabad,28.56708277455892,29.95673908000316,78.29458520570564
2023-05-07,Adilabad,30.70934336648333,32.59711870035921,61.16052749138352
2023-05-08,Adilabad,29.471899860264624,30.93767580198947,74.9795363493815
2023-05-09,Adilabad,28.965620995050433,28.635170438137102,79.22861911169807
2023-05-10,Adilabad,28.76233325041518,31.80403024400304,70.67303194815037
2023-05-11,Adilabad,27.637343899438925,31.365200179601032,71.8222916884948
2023-05-12,Adilabad,29.890780309761006,31.884498274466818,63.2746634223821
2023-05-13,Adilabad,27.7591836561496,30.51600724291723,74.92459620774031
2023-05-14,Adilabad,28.231440814577272,31.518551831884764,68.41131031351401
2023-05-15,Adilabad,30.364509623175557,33.52399280628502,67.50077172589164
2023-05-16,Adilabad,26.7730388576899,27.77992918410024,87.40844254025367
2023-05-17,Adilabad,27.5588475901083,29.883246816859064,81.13084671734862
2023-05-18,Adilabad,28.515279262046185,29.584626806292903,82.38901219082724
2023-05-19,Adilabad,27.23571719702022,30.525913146144468,80.18796647778517
2023-05-20,Adilabad,26.32811963576878,30.036774321039353,88.85697957721156
2023-05-21,Adilabad,26.554599592538267,29.076321828273656,85.29921249055468
2023-05-22,Adilabad,26.3836776195814,30.658884024342942,84.2527559714305
2023-05-23,Adilabad,25.94395559271749,28.831046747512783,88.05066897489885
2023-05-24,Adilabad,27.808773113298017,28.48522651819595,86.98947170527816
2023-05-25,Adilabad,24.94418165088144,26.05771819475738,95.8891267197011
2023-05-26,Adilabad,27.417682185257753,30.02490727265341,78.6215124943617
2023-05-27,Adilabad,28.45859504883865,31.703482669885435,75.6850594666071
2023-05-28,Adilabad,28.46429659511082,29.687460744948027,80.16394187951681
2023-05-29,Adilabad,27.99122159907039,30.996694083908313,75.55080071119268
2023-05-30,Adilabad,28.18613004425452,29.351931273450422,81.13971797844498
2023-05-31,Adilabad,25.91952078765021,27.569658492542697,94.30902041147617
2023-06-01,Adilabad,25.043231123409793,27.17473726181036,94.20250958269263
2023-06-02,Adilabad,24.48755030610537,25.72076337075604,92.20763364443896
2023-06-03,Adilabad,25.85639899876662,30.290306816854628,79.41939402476696
2023-06-04,Adilabad,26.002279525213414,29.506358192877336,77.6446860289478
2023-06-05,Adilabad,28.284820549011155,29.41549063466165,73.39097050797774
2023-06-06,Adilabad,25.35360630602227,28.515995200415595,81.41734107922267
2023-06-07,Adilabad,27.345534299906785,29.339515884861655,71.37536820662396
2023-06-08,Adilabad,26.58759267775507,30.57971266500324,72.54439914187115
2023-06-09,Adilabad,27.420437458634034,28.453259312298417,75.36737889564655
2023-06-10,Adilabad,26.744399264199224,28.30327679752624,80.54108344665198
2023-06-11,Adilabad,27.30368332775805,28.72121686249211,80.0063297766356
2023-06-12,Adilabad,26.100869071939645,28.79610878260165,80.73961062330221
2023-06-13,Adilabad,25.817185873539856,28.7401459912425,81.9066333895119
2023-06-14,Adilabad,26.511958524700145,28.041413411488456,80.27680782083957
2023-06-15,Adilabad,26.47913815807903,29.67356340008456,75.41412997809063
2023-06-16,Adilabad,25.916210789451746,30.197665708846806,78.88628919747981
2023-06-17,Adilabad,27.438696619691488,27.478791578681875,86.51331222873479
2023-06-18,Adilabad,24.557977151294033,26.996695958717073,93.05613434338942
2023-06-19,Adilabad,28.10754859676024,31.593473497693505,71.95037178032557
2023-06-20,Adilabad,27.751891038276078,30.96732830148763,77.12413212672185
2023-06-21,Adilabad,28.213030038548776,29.6800933315398,75.3759992003569
2023-06-22,Adilabad,27.961988514387112,30.090143076398668,74.60768412304806
2023-06-23,Adilabad,29.426884203238615,31.955289516034068,65.74731801209747
2023-06-24,Adilabad,28.09217343370517,30.759181318041247,76.63116989536745
2023-06-25,Adilabad,26.933555485725105,30.84451767118931,77.73191284522271
2023-06-26,Adilabad,26.396444324560317,26.945088220538352,89.10860856325293
2023-06-27,Adilabad,25.83601960080181,30.544836443576326,83.03317329287313
2023-06-28,Adilabad,24.871478119629913,26.4400087103386,92.40560991687647
2023-06-29,Adilabad,26.076708464143717,27.543518195218773,90.02703202952384
2023-06-30,Adilabad,24.204926014537612,26.780072413177145,94.3772154467975
2023-07-01,Adilabad,25.71055214080812,29.290681257658054,79.12401004862375
2023-07-02,Adilabad,26.20560302812717,31.01002649829328,77.2455726221119
2023-07-03,Adilabad,26.59220894183987,27.76226346608418,81.64488480430981
2023-07-04,Adilabad,26.602609206043148,28.81490917662176,79.7927153304915
2023-07-05,Adilabad,28.392643586304466,30.199273075758935,76.28918587817662
2023-07-06,Adilabad,27.36449867943432,29.779717842558465,79.35002879696845
2023-07-07,Adilabad,26.7161772484371,27.665103477092213,84.67901144354487
2023-07-08,Adilabad,27.561382684184565,29.11776774632559,75.18249652936642
2023-07-09,Adilabad,26.69392930507598,29.425022133451883,82.43598906683995
2023-07-10,Adilabad,25.453471961429436,26.82210841995549,94.0820648428471
2023-07-11,Adilabad,27.065177663369536,27.429289712682916,86.12516978418417
2023-07-12,Adilabad,24.771125589545164,26.943748839065382,93.69099166081965
2023-07-13,Adilabad,26.66466182366755,28.58783265462578,83.16512638853229
2023-07-14,Adilabad,27.259268379045622,29.08908690597491,82.95376980672414
2023-07-15,Adilabad,26.300929044132317,26.5421910012696,90.78258775578755
2023-07-16,Adilabad,25.974296682240112,28.807084630109763,84.97497316471919
2023-07-17,Adilabad,26.58706994625682,27.78180087957599,89.1073332622287
2023-07-18,Adilabad,25.429940231277712,26.045377424863002,93.11083778625992
2023-07-19,Adilabad,24.051496399420536,25.86603261093627,99.39667171629252
2023-07-20,Adilabad,25.4874246613698,27.003102205550384,84.80133801935845
2023-07-21,Adilabad,25.836064606158555,29.334099230514706,83.15075077828897
2023-07-22,Adilabad,25.65136183588831,28.209220102990173,85.60768284324934
2023-07-23,Adilabad,27.257229621132453,28.824321556130773,85.9276114920576
2023-07-24,Adilabad,26.35926532337541,29.060780848138336,83.91510651340474
2023-07-25,Adilabad,27.315149236747136,29.47089282715344,81.32984485549407
2023-07-26,Adilabad,27.060357278072114,29.817876799245624,80.76123664028933
2023-07-27,Adilabad,27.654624612465163,28.00207632614626,83.18342427151156
2023-07-28,Adilabad,26.998225596755244,29.225490760077825,83.42430188607183
2023-07-29,Adilabad,28.023453904094673,29.591613531794184,78.94658235272144
2023-07-30,Adilabad,27.054864212725775,29.09723220975514,83.5219579474579
2023-07-31,Adilabad,26.92570338584637,28.92840052645125,82.70811797788924
2023-08-01,Adilabad,25.887187465829474,28.133398862361577,88.20158367769207
2023-08-02,Adilabad,25.478147444059957,29.00946511015128,87.73125358907699
2023-08-03,Adilabad,25.030490130767564,27.073539912174624,94.72858964065392
2023-08-04,Adilabad,26.513291258868247,28.017015131232082,89.95741312349611
2023-08-05,Adilabad,25.937664273585597,28.0055166256525,88.91202137967848
2023-08-06,Adilabad,26.714248759705676,29.95341705365584,79.8805551218438
2023-08-07,Adilabad,26.188178701846446,30.61593045992628,80.49201267978019
2023-08-08,Adilabad,27.117446677119137,28.559425663147092,82.8286918853678
2023-08-09,Adilabad,25.241510906118247,27.776078273451443,90.26661145592199
2023-08-10,Adilabad,27.082868915393686,29.773799325532973,78.21131615246271
2023-08-11,Adilabad,27.055398883070538,29.002208010537824,83.46196109158538
2023-08-12,Adilabad,24.853346073166296,29.22218526088788,89.29406352998592
2023-08-13,Adilabad,25.789809590728673,28.14228009747623,85.33455693972472
2023-08-14,Adilabad,26.526109029336723,30.793937654975352,77.79753128522378
2023-08-15,Adilabad,27.028932206904408,29.17786445040957,85.32627787852718
2023-08-16,Adilabad,28.513751416266803,29.118981195846036,79.80114491752278
2023-08-17,Adilabad,27.06438933569245,29.04940870747155,85.38339465529774
2023-08-18,Adilabad,28.79943753056111,30.331664200203218,72.43566956896038
2023-08-19,Adilabad,28.882564723888066,30.812048468176187,73.20454425847917
2023-08-20,Adilabad,29.10721398451312,30.632009605329024,72.87770563077704
2023-08-21,Adilabad,27.103912420674842,28.89077300668031,82.5999108321205
2023-08-22,Adilabad,28.414836107363573,31.74596176121162,73.61778899788878
2023-08-23,Adilabad,27.776430592712575,30.997981905151814,72.91677194025023
2023-08-24,Adilabad,26.475627060543367,30.405003349355354,76.16132061726552
2023-08-25,Adilabad,27.050370271612895,30.820782069032774,69.88057509331108
2023-08-26,Adilabad,27.068215614412672,31.260973979065604,71.49068895024527
2023-08-27,Adilabad,25.610783793344886,30.40258679351585,73.51357558717011
2023-08-28,Adilabad,26.087137667205877,28.688796943571884,82.68602123513202
2023-08-29,Adilabad,24.943900739193584,28.67119256576068,87.93712439535616
2023-08-30,Adilabad,26.99071804637192,30.873468889541684,72.74190133663396
2023-08-31,Adilabad,26.8968782572625,30.091289778075932,71.87011969016477
2023-09-01,Adilabad,25.590775236878827,29.136036249131454,73.88166265397552
2023-09-02,Adilabad,25.44160874897564,29.873646482227137,70.51232238876575
2023-09-03,Adilabad,25.665629882621495,30.583691214531957,71.84465709423885
2023-03-04,Nizamabad,0.0,0.0,0.0
2023-03-05,Nizamabad,28.166659668110455,41.05552971414208,30.229871823737383
2023-03-06,Nizamabad,28.333328624475712,40.6666533058278,32.67989585036823
2023-03-07,Nizamabad,25.33333175297617,39.16666143786657,50.06978552283159
2023-03-08,Nizamabad,23.333333372660682,34.166670263153094,62.079760363842176
2023-03-09,Nizamabad,22.055556361320242,36.333332737489876,59.01987392538293
2023-03-10,Nizamabad,24.666666119238684,38.333330870171906,49.58000530174765
2023-03-11,Nizamabad,27.16666538484686,38.05555528246037,56.179959297966235
2023-03-12,Nizamabad,25.833333636699596,37.833334769903644,53.55001385940056
2023-03-13,Nizamabad,27.333333530035826,36.0555609912526,55.530020021970934
2023-03-14,Nizamabad,27.33333457684493,36.83333978711351,50.73009613812317
2023-03-15,Nizamabad,28.33333533179348,36.83334520103471,55.120090022097166
2023-03-16,Nizamabad,41.41666774393639,59.36111125382917,65.40501947247907
2023-03-17,Nizamabad,29.83334435233463,40.44449009546406,43.83040874906946
2023-03-18,Nizamabad,25.313662359989983,39.11995055512134,59.06231005543107
2023-03-19,Nizamabad,28.106806829651475,35.011086896149656,52.933091314059816
2023-03-20,Nizamabad,28.599075345955324,40.41980927385801,46.53835758167769
2023-03-21,Nizamabad,30.77354973697124,40.402890471333734,40.22158772593505
2023-03-22,Nizamabad,30.859990772634273,34.611846439668426,64.86987610219433
2023-03-23,Nizamabad,26.97971044920619,37.216334226404584,50.20205923611582
2023-03-24,Nizamabad,30.425788957479714,35.38079214244017,50.91813155578357
2023-03-25,Nizamabad,29.5052015578742,37.592409274275454,43.68774370286404
2023-03-26,Nizamabad,30.09907323685799,36.35024450103027,52.1973653746972
2023-03-27,Nizamabad,28.294927610832644,38.33734177598045,43.70439063178617
2023-03-28,Nizamabad,30.140512952541336,41.58428399323754,31.91574914130335
2023-03-29,Nizamabad,29.283506917876426,40.60371792158649,38.142514360917495
2023-03-30,Nizamabad,30.417219249501834,39.536573371397125,44.66518576019386
2023-03-31,Nizamabad,29.302826636883932,36.68394821115331,45.64273689670286
2023-04-01,Nizamabad,27.731855368886322,39.638967030326086,33.78257946560905
2023-04-02,Nizamabad,31.401489543454222,36.75854104562337,37.24423866318995
2023-04-03,Nizamabad,27.66272469286523,40.27875434764438,44.91530282738714
2023-04-04,Nizamabad,27.60219195183387,37.868610570425474,48.63483860683086
2023-04-05,Nizamabad,28.666465655424812,38.83608599181459,48.84272734772094
2023-04-06,Nizamabad,27.126981513829445,36.180144893043604,51.449749507772005
2023-04-07,Nizamabad,29.851459700198856,38.57030892616331,50.32096658481602
2023-04-08,Nizamabad,26.060176968535956,40.766715931519016,48.44401396030402
2023-04-09,Nizamabad,27.158954143601783,38.43881772081821,57.00699025006374
2023-04-10,Nizamabad,26.45681156080597,33.70577832176576,64.3287152162272
2023-04-11,Nizamabad,27.52394015544489,33.9339561513006,63.855377848710354
2023-04-12,Nizamabad,24.06427212849508,32.860211093972886,71.42851644553468
2023-04-13,Nizamabad,25.105507590269706,34.43188078459045,69.91263028429643
2023-04-14,Nizamabad,25.508441943266877,32.93444224481654,71.12394023163581
2023-04-15,Nizamabad,27.640654560211946,35.74017106775621,65.02416127634005
2023-04-16,Nizamabad,24.615282982027143,33.684396257741376,73.0479509557901
2023-04-17,Nizamabad,24.69382678926043,31.321305020001187,77.25926301630264
2023-04-18,Nizamabad,25.378860548815513,31.007229284869723,72.98805733347844
2023-04-19,Nizamabad,24.483178548793454,30.67749018913683,75.98169530986657
2023-04-20,Nizamabad,21.84743749587985,33.57107182454293,73.66018279700778
2023-04-21,Nizamabad,25.006658085209253,31.541240649719512,76.77202881069692
2023-04-22,Nizamabad,23.180149480049067,33.0816628150048,76.46144459041382
2023-04-23,Nizamabad,23.512642532352967,32.24138186875463,80.83038402204546
2023-04-24,Nizamabad,23.552895131468247,29.277703375223314,89.54043667001861
2023-04-25,Nizamabad,24.993300057514457,31.870241100972684,72.1036291230866
2023-04-26,Nizamabad,23.795534556624197,31.216440840859224,75.59454602113314
2023-04-27,Nizamabad,23.980482041241004,31.208552424030774,79.19184577385279
2023-04-28,Nizamabad,24.6833003475316,33.93175995184958,65.26426904597004
2023-04-29,Nizamabad,26.12846000228874,31.255534676471708,67.26958504142426
2023-04-30,Nizamabad,27.175298997775695,33.86126764781189,60.0858454971011
2023-05-01,Nizamabad,26.12503525166776,31.879657467358996,68.60142985788643
2023-05-02,Nizamabad,21.909553386421784,31.179794625258157,77.42378434243909
2023-05-03,Nizamabad,25.615982624362218,32.97573855394238,64.59970453789202
2023-05-04,Nizamabad,24.98271267976068,33.162927162555704,73.86504962853675
2023-05-05,Nizamabad,22.81719715459886,29.790742091813367,85.96090040481185
2023-05-06,Nizamabad,23.775771183030674,30.68924435969657,82.33403421368745
2023-05-07,Nizamabad,25.549154970299107,32.47308586154311,71.28128587874177
2023-05-08,Nizamabad,26.039324008370063,32.98182905354491,72.95915419059497
2023-05-09,Nizamabad,24.713287294491852,32.74879992197338,81.18002586040366
2023-05-10,Nizamabad,24.41089287084168,29.89481481890027,83.59467032852376
2023-05-11,Nizamabad,25.904146837492327,29.97435287616001,73.40745341882842
2023-05-12,Nizamabad,27.087165074366585,33.424906486438644,65.16800206710762
2023-05-13,Nizamabad,25.444959998346732,32.28512683372322,74.0927653191682
2023-05-14,Nizamabad,24.043437058476492,34.74255237115396,75.65152514446797
2023-05-15,Nizamabad,27.400982789248015,35.06240681345621,70.00788865752526
2023-05-16,Nizamabad,24.011811836959147,28.692740228021265,90.94463917586152
2023-05-17,Nizamabad,24.559420271641372,28.56006883386737,85.19221345019642
2023-05-18,Nizamabad,25.653452595504618,31.986569055948998,78.74898753587254
2023-05-19,Nizamabad,24.596156033221707,30.698537872777003,86.3637850367601
2023-05-20,Nizamabad,23.538676116460934,29.753785813376528,90.6211216726903
2023-05-21,Nizamabad,24.14819461349542,28.66813633359249,87.62379016215044
2023-05-22,Nizamabad,23.821869850504953,27.96593631341195,86.30924001191846
2023-05-23,Nizamabad,24.768611051632604,27.38278157133417,88.71236148436466
2023-05-24,Nizamabad,25.493389551363336,28.58656703939853,84.14825469520875
2023-05-25,Nizamabad,24.36223251891727,31.4901640652944,83.19571184940519
2023-05-26,Nizamabad,25.262373329119796,32.15850076973698,79.06698263630489
2023-05-27,Nizamabad,25.729941289504534,29.317323773031042,80.56442639560406
2023-05-28,Nizamabad,26.01112075271996,30.209619772096424,80.09170408032486
2023-05-29,Nizamabad,23.682559797073377,29.48709659643483,82.79225736330658
2023-05-30,Nizamabad,23.941992905171674,26.03021820985339,92.51476096853108
2023-05-31,Nizamabad,23.4487150692032,25.916208666383948,92.8207632735423
2023-06-01,Nizamabad,22.156661333594617,27.498957199282252,91.08901731896474
2023-06-02,Nizamabad,22.946473933778076,28.55721379854316,87.6640306541242
2023-06-03,Nizamabad,25.228662042107278,31.47698162273008,73.16216184877625
2023-06-04,Nizamabad,25.440117737993837,30.314125410703298,73.22036325477815
2023-06-05,Nizamabad,25.797661624549594,31.71467578155437,68.1622803360632
2023-06-06,Nizamabad,23.72345446279902,31.892376942353962,74.62775659694104
2023-06-07,Nizamabad,24.51126226551703,30.082605304694198,74.28686667828569
2023-06-08,Nizamabad,24.743531859303147,28.645295162500094,74.07219920266856
2023-06-09,Nizamabad,25.016688258440936,30.407273954075542,71.23683890730109
2023-06-10,Nizamabad,24.590713221437934,28.252480298494078,74.79651796479237
2023-06-11,Nizamabad,24.32092039889293,29.50072715247176,73.9689149982051
2023-06-12,Nizamabad,24.152642146714413,30.634334179740428,72.08011617534486
2023-06-13,Nizamabad,24.905198095589267,30.37356896831121,70.29889973373659
2023-06-14,Nizamabad,25.093437037603483,29.676813109764453,77.56521947209103
2023-06-15,Nizamabad,25.139555453746013,31.25819682214068,69.62596817212967
2023-06-16,Nizamabad,26.10575370300617,30.80413116176326,70.87209169517199
2023-06-17,Nizamabad,26.508301074036577,31.989934027420254,69.8931760896012
2023-06-18,Nizamabad,25.495733048020597,32.61299778184861,77.35401692372271
2023-06-19,Nizamabad,25.969901592769038,32.15995073162375,72.01387075205074
2023-06-20,Nizamabad,25.55885832258979,31.270404799067204,74.13401718188224
2023-06-21,Nizamabad,26.179820162943074,32.16724254073792,72.45043446071234
2023-06-22,Nizamabad,24.47530395087177,30.40768720902503,79.0346109070703
2023-06-23,Nizamabad,25.299047553843522,31.569446290359178,73.09148930136392
2023-06-24,Nizamabad,25.256316116006452,32.79634712725011,68.69501887330146
2023-06-25,Nizamabad,23.244158899300523,27.336829529526945,89.29523340753107
2023-06-26,Nizamabad,24.011279165320502,27.02990177407674,91.76059840336275
2023-06-27,Nizamabad,24.383918585796987,27.36277694292871,87.56946184942547
2023-06-28,Nizamabad,24.43473985211336,25.66618116727328,91.58722557079554
2023-06-29,Nizamabad,24.86703112182277,27.330454393834145,86.85340462588002
2023-06-30,Nizamabad,23.530088428133535,27.145672184195167,88.2180426372007
2023-07-01,Nizamabad,23.325410737155003,29.889646155599014,86.86075850927453
2023-07-02,Nizamabad,24.341232446286657,30.020756424218952,80.04840012448749
2023-07-03,Nizamabad,25.370420990789388,30.77526601896634,78.05568819384882
2023-07-04,Nizamabad,24.670586774588187,29.69956216196711,84.68670414950792
2023-07-05,Nizamabad,24.106229927911322,30.95201801086571,83.33731539997535
2023-07-06,Nizamabad,24.33739740481001,29.46754347639815,83.17791526546226
2023-07-07,Nizamabad,24.713452766712688,29.38812251538335,85.0599689944766
2023-07-08,Nizamabad,25.04008690146105,29.134242086114906,84.05477182846111
2023-07-09,Nizamabad,24.980686636158474,28.8604342874034,85.7252244605358
2023-07-10,Nizamabad,24.659136216593627,26.4220587071305,90.25898308007514
2023-07-11,Nizamabad,24.819343665623496,27.85015448421679,89.02741023410339
2023-07-12,Nizamabad,24.01349439605703,29.417287024118096,86.59738171342859
2023-07-13,Nizamabad,23.422083808855255,30.84320384253609,85.68783390946497
2023-07-14,Nizamabad,23.864899518125434,29.92845989021931,83.96660391903056
2023-07-15,Nizamabad,23.333148590159137,30.55212541052034,86.99319712988105
2023-07-16,Nizamabad,23.59980625355739,28.87990377175472,87.76138382586323
2023-07-17,Nizamabad,23.786812937929035,27.759149175947762,90.06601370375189
2023-07-18,Nizamabad,23.191552897643678,25.31267378401075,93.77190865167489
2023-07-19,Nizamabad,23.472165570996864,28.285872180637995,81.56250895898373
2023-07-20,Nizamabad,23.85194633985779,28.758680566717388,81.06518899609014
2023-07-21,Nizamabad,24.456170072999104,30.358000531589244,73.84064551056449
2023-07-22,Nizamabad,25.456811176607495,29.87534634299169,75.4417663162072
2023-07-23,Nizamabad,25.121689323618202,31.233277169320843,73.81810091290902
2023-07-24,Nizamabad,22.871198284400347,29.844205895492316,87.83814966885896
2023-07-25,Nizamabad,23.706711240317198,30.21796159171357,79.68959399953292
2023-07-26,Nizamabad,25.0620041975873,31.571616288742824,73.87440876981212
2023-07-27,Nizamabad,24.989587215509445,30.12361497618861,74.45029473948038
2023-07-28,Nizamabad,24.45062255472916,30.285345203177606,73.33362011273583
2023-07-29,Nizamabad,24.812476908731142,30.335917538608832,73.66634880072657
2023-07-30,Nizamabad,24.977726957326276,30.8492804482322,74.30045962913938
2023-07-31,Nizamabad,24.69446348564428,30.95169681053218,75.71080561089137
2023-08-01,Nizamabad,24.163921680976255,27.668359343726706,87.09403071385599
2023-08-02,Nizamabad,23.565484512573423,28.11094957566563,86.3702411449982
2023-08-03,Nizamabad,24.27600139674367,28.92035211262931,86.79753175332714
2023-08-04,Nizamabad,24.27302425109844,28.980438210187017,83.87157871830017
2023-08-05,Nizamabad,23.67710743637559,30.07639974308822,84.69000449327261
2023-08-06,Nizamabad,24.272884122764726,31.621185257398114,80.93134521727836
2023-08-07,Nizamabad,25.431134560273463,29.661445293133976,83.3679720319659
2023-08-08,Nizamabad,24.22296141266282,28.37730728200933,90.14961876577047
2023-08-09,Nizamabad,22.790380588650144,27.384464904871816,89.7572299344258
2023-08-10,Nizamabad,23.26958903129074,29.1221557941915,84.51883274740473
2023-08-11,Nizamabad,23.83421693180289,31.555358561371353,78.8355332972362
2023-08-12,Nizamabad,24.400675675664356,29.82247533213699,86.8531943988559
2023-08-13,Nizamabad,24.571508957280077,29.541704947422968,88.60841739341058
2023-08-14,Nizamabad,25.23753919983923,30.21538921030267,83.00547261101637
2023-08-15,Nizamabad,24.902922810744364,31.57449954545023,80.98499460520371
2023-08-16,Nizamabad,25.296129115963204,31.446318867062182,79.51152354354187
2023-08-17,Nizamabad,24.616817938192032,31.657031730993673,82.89505920933392
2023-08-18,Nizamabad,24.30928444838705,32.537418059286594,79.78110202843986
2023-08-19,Nizamabad,25.534328531042938,32.340861220970375,77.78564790615133
2023-08-20,Nizamabad,24.10744179151294,30.87588747865706,83.21249057435973
2023-08-21,Nizamabad,24.021754873045122,31.377830659974748,79.71922475267235
2023-08-22,Nizamabad,23.621722313536097,32.23397833464077,74.99888124995363
2023-08-23,Nizamabad,22.871793105046855,31.792294178649698,72.74606106557495
2023-08-24,Nizamabad,22.656993019820824,31.714074592061714,74.07684866865264
2023-08-25,Nizamabad,23.693344287076133,31.307907725086462,75.06653467549744
2023-08-26,Nizamabad,23.52805521691111,33.23033597110449,63.83698142860302
2023-08-27,Nizamabad,24.185091978180143,28.777568041223063,83.62507179906777
2023-08-28,Nizamabad,24.47125061277344,29.47803962479225,80.99758131922685
2023-08-29,Nizamabad,23.78412215852776,29.622692809300688,84.69606626824935
2023-08-30,Nizamabad,23.961961757142138,31.206430559982326,77.16862535974579
2023-08-31,Nizamabad,24.50741597195561,31.37716275172046,72.64314949031848
2023-09-01,Nizamabad,22.312488744072187,30.718651971674575,70.66950314311568
2023-09-02,Nizamabad,21.007935448086272,31.451193690161578,72.07295745048731
2023-09-03,Nizamabad,21.11353044528608,32.14446948058831,63.92842860080814
2023-03-04,Khammam,0.0,0.0,0.0
2023-03-05,Khammam,30.666648601914385,36.83329508619764,60.559369650108195
2023-03-06,Khammam,27.16666178775253,34.05554413890669,61.309622137245064
2023-03-07,Khammam,29.555550329814267,34.33332764677551,61.269785378239334
2023-03-08,Khammam,28.833331625608096,37.05554739778179,60.999886242117384
2023-03-09,Khammam,29.16666552011745,36.66666392467739,56.82002909044683
2023-03-10,Khammam,29.33333276231184,36.83333201721307,58.73998998762122
2023-03-11,Khammam,31.66666402868089,36.666667005779416,53.12013413133381
2023-03-12,Khammam,26.666672036226544,31.833344823910952,82.79949900631158
2023-03-13,Khammam,31.333332104696442,36.66666468470076,56.490328419160754
2023-03-14,Khammam,30.66667002784537,37.0555602858487,59.910238022788036
2023-03-15,Khammam,31.66667355513401,37.44446006276618,55.040446369651036
2023-03-16,Khammam,46.49999897842819,55.583333818187384,90.36001128329964
2023-03-17,Khammam,27.833379403807125,34.38897754649429,62.461147634211315
2023-03-18,Khammam,30.477749992663178,36.35085648315683,63.43616424868056
2023-03-19,Khammam,30.215764817845884,35.585322929378876,66.51269107747562
2023-03-20,Khammam,31.099235785388615,36.62631941881651,57.025339944960194
2023-03-21,Khammam,31.4535175389063,35.365385134293724,63.92259626442441
2023-03-22,Khammam,33.779788179105196,33.90479901690701,59.75052622089176
2023-03-23,Khammam,26.693820488807944,30.951120485736165,91.37700974686456
2023-03-24,Khammam,34.74128017607986,37.93273442723061,44.51233772801939
2023-03-25,Khammam,31.313646477534775,36.96612286275159,62.191421501865136
2023-03-26,Khammam,31.328224159312782,32.55337989166801,68.38549224484099
2023-03-27,Khammam,30.05148205794069,34.134051419372696,68.72871247603591
2023-03-28,Khammam,27.258955578499386,32.56639091071887,81.42055235316525
2023-03-29,Khammam,24.57086274831791,33.418163588647126,72.97246257576602
2023-03-30,Khammam,30.235493089293698,32.373245705645246,69.22997189346799
2023-03-31,Khammam,29.512055234343467,38.874468807219394,57.39575523737402
2023-04-01,Khammam,31.206869354538984,35.553735440577505,54.245563201801126
2023-04-02,Khammam,31.839808186604873,37.94383299036943,49.00416826464147
2023-04-03,Khammam,31.80190375408754,39.44681507706189,47.516227160016285
2023-04-04,Khammam,29.619215006068874,35.41097136207321,65.20862696265777
2023-04-05,Khammam,31.968003790204875,40.55963977234243,49.226124342514765
2023-04-06,Khammam,30.697994120261686,35.55583176374098,61.716000706229686
2023-04-07,Khammam,32.47980623835898,39.964958351621625,46.08120018780855
2023-04-08,Khammam,28.553497921007203,37.381826012225346,67.48853680412837
2023-04-09,Khammam,33.54463072536893,40.26916271662571,48.18821931987053
2023-04-10,Khammam,27.880953401657212,32.11294789496441,72.11647351821395
2023-04-11,Khammam,30.556564116820972,31.86406641922953,70.57541753145804
2023-04-12,Khammam,30.73961761870718,36.013050140602026,63.47473658112887
2023-04-13,Khammam,30.276276988214946,32.45977881681284,67.34054533904428
2023-04-14,Khammam,30.60301059585782,35.68932785897779,64.15408042735848
2023-04-15,Khammam,32.66104882686631,37.43342114809327,49.87203550424293
2023-04-16,Khammam,29.479390079559938,32.62764716114508,72.16769697501924
2023-04-17,Khammam,32.39179714570842,37.601460863726096,44.7953493439643
2023-04-18,Khammam,27.2132336944034,27.808481853197797,91.51965500526552
2023-04-19,Khammam,27.834839878437975,31.839867360699586,74.70275116784704
2023-04-20,Khammam,27.28675311580306,31.28926298729056,79.59890420787457
2023-04-21,Khammam,26.76397587512585,29.7306385728592,84.34032803446456
2023-04-22,Khammam,26.149251189710842,31.143699715124097,74.55267383141114
2023-04-23,Khammam,30.684572614260386,31.803188533606757,68.81902594745083
2023-04-24,Khammam,29.363890713981867,34.20787816707779,69.7008045295821
2023-04-25,Khammam,29.961418921273644,34.581099391227994,62.672667120490885
2023-04-26,Khammam,30.948069663097492,33.86731243843969,58.158794395235574
2023-04-27,Khammam,31.459214284514243,33.897508100184595,58.312643536598834
2023-04-28,Khammam,28.15923308449103,33.50351705754987,68.43247234897875
2023-04-29,Khammam,30.858887656935167,34.229632926144745,58.842087069585745
2023-04-30,Khammam,27.875792121227068,31.843645201477678,78.96078328638255
2023-05-01,Khammam,29.694066753545737,33.827888634567245,67.09372752407073
2023-05-02,Khammam,28.671386832776395,33.446141991585975,69.96340630822056
2023-05-03,Khammam,29.03115974883907,33.89745024284105,64.78104117740017
2023-05-04,Khammam,25.256973165500753,31.202594936247458,77.83749766178752
2023-05-05,Khammam,28.95524876843213,30.096152749336408,81.13302025009288
2023-05-06,Khammam,28.672916143845814,32.41542893132155,74.02733981737978
2023-05-07,Khammam,30.935685782009916,35.46327531918785,57.6537264361294
2023-05-08,Khammam,30.846857813543515,34.83526880123601,61.6992189110441
2023-05-09,Khammam,28.497643618527746,30.98574044702105,77.41363971383248
2023-05-10,Khammam,26.738916166771887,29.251206166254025,91.89968561787292
2023-05-11,Khammam,27.5299727515282,31.683373443579036,80.4993897667553
2023-05-12,Khammam,28.7541552737232,32.48748144137955,75.15544286510985
2023-05-13,Khammam,27.439646589542576,33.86920933474715,77.04427019019641
2023-05-14,Khammam,27.786172810445247,33.658404715295596,74.58294519645085
2023-05-15,Khammam,28.60563077669757,30.00374326232101,82.72776172924934
2023-05-16,Khammam,26.310256725308815,30.177266347689706,80.2504272519434
2023-05-17,Khammam,29.599445091075943,31.31983979070976,77.0788127672394
2023-05-18,Khammam,27.507451659556573,32.6088236008551,76.61714800428379
2023-05-19,Khammam,28.4450075165906,32.21876466523524,77.1853921273618
2023-05-20,Khammam,27.478154845956155,29.849465758868227,86.20289497188251
2023-05-21,Khammam,27.51619565345531,30.024404723557204,85.6173611512223
2023-05-22,Khammam,25.250853307641897,30.420725796371322,86.49019728314966
2023-05-23,Khammam,26.43574027144473,29.037565819645696,91.08998369934827
2023-05-24,Khammam,26.93411301628334,29.267474876127203,85.22656034330309
2023-05-25,Khammam,27.52997271318464,33.545935199588975,73.45404725712068
2023-05-26,Khammam,26.669101294826014,28.87023564761897,92.92848949321869
2023-05-27,Khammam,26.241525189641237,27.25085800656633,94.7162853124457
2023-05-28,Khammam,26.718030966725618,29.78393054147087,82.4664493243114
2023-05-29,Khammam,29.454081149221032,31.02152117237852,73.9305654830955
2023-05-30,Khammam,26.132314102368156,27.42515829148202,91.06870151263502
2023-05-31,Khammam,25.875501495468068,27.987267843966805,88.19226497890973
2023-06-01,Khammam,25.70019329990348,28.913804828012967,87.87082672314675
2023-06-02,Khammam,26.590369847425112,30.52633609411061,83.27481371382392
2023-06-03,Khammam,26.30532623372184,31.62147962228366,81.62901797701764
2023-06-04,Khammam,27.883842141964173,31.649610720741613,79.47459335010949
2023-06-05,Khammam,28.251452417859046,31.18613983498098,72.63532185192028
2023-06-06,Khammam,28.26938611121376,32.19530193984089,70.8824657505639
2023-06-07,Khammam,27.753118074416015,29.922566196200446,76.69025949547932
2023-06-08,Khammam,27.380846511681483,30.8849395814411,76.71901611219768
2023-06-09,Khammam,27.828344938558097,29.313179438703877,74.79049280412588
2023-06-10,Khammam,28.70382060718171,31.502341059925328,71.59514942823188
2023-06-11,Khammam,28.32859660191108,31.99524313837698,67.72739915135017
2023-06-12,Khammam,30.13326003347566,34.65228551822155,61.26835951829952
2023-06-13,Khammam,29.76025040188321,32.18322314776603,66.24893548633379
2023-06-14,Khammam,29.060508815679718,33.386854080211435,65.6612732074372
2023-06-15,Khammam,28.361401922886643,32.80620514476214,71.14669241718728
2023-06-16,Khammam,29.752469494969635,34.12749280070002,65.86760757854631
2023-06-17,Khammam,29.805594181865438,33.015604509896384,73.49442837424579
2023-06-18,Khammam,29.59527568738094,32.05312028535573,66.80305099378845
2023-06-19,Khammam,29.844523781435345,32.271355437040015,77.32815081976818
2023-06-20,Khammam,28.610986461431814,32.14642662873735,75.72378698960962
2023-06-21,Khammam,28.72945829517193,31.370476911240633,72.73169906535952
2023-06-22,Khammam,28.094847798128352,31.025930586008467,82.30118666411008
2023-06-23,Khammam,28.01797499045908,29.849836638861092,82.60365536234796
2023-06-24,Khammam,29.28927194252099,33.804146249881185,71.4916596512636
2023-06-25,Khammam,26.47468622930539,29.19303916559841,87.53206780382338
2023-06-26,Khammam,26.855715204082507,29.453300709785495,88.00454485383493
2023-06-27,Khammam,26.66931766872269,28.99574392521933,89.24119338173915
2023-06-28,Khammam,27.310758165235523,30.333397132651022,83.728165385744
2023-06-29,Khammam,27.219930617314347,29.550830495595854,83.3982244825513
2023-06-30,Khammam,27.463834886210375,30.340139906161575,83.18776019262882
2023-07-01,Khammam,26.978433085264825,28.152257149033186,90.61232419118811
2023-07-02,Khammam,26.273676646622633,29.694434924450594,87.46450765646686
2023-07-03,Khammam,27.640345522223335,31.553055594619845,76.57066747105179
2023-07-04,Khammam,28.79096129607687,32.20516979807762,79.26425445263342
2023-07-05,Khammam,29.285083149854835,32.471685782595664,74.26667729220621
2023-07-06,Khammam,27.95612883527422,32.602595544512084,78.68778435555407
2023-07-07,Khammam,27.16781459576359,28.981755335843857,89.21371015088924
2023-07-08,Khammam,26.62939581153879,28.447838346268604,91.90412372100639
2023-07-09,Khammam,26.148146532371694,29.243211485224613,90.00023264336801
2023-07-10,Khammam,26.50557161886129,28.2860846154822,92.27126391108425
2023-07-11,Khammam,26.261790454938165,26.797388582152507,94.14489034862765
2023-07-12,Khammam,25.926115602254722,27.97941024340582,94.92737312677573
2023-07-13,Khammam,25.94965978010902,30.307848849450956,88.29965165268658
2023-07-14,Khammam,24.360526457669344,27.769671136551942,96.45624951054312
2023-07-15,Khammam,25.28085015678578,28.56334374286256,94.8373761619127
2023-07-16,Khammam,27.241807191245343,29.021379845315398,88.0195092742413
2023-07-17,Khammam,25.902315222313376,26.99469285309362,95.26132761819647
2023-07-18,Khammam,26.301542370624027,29.907770604122963,86.5691028567984
2023-07-19,Khammam,26.959070926795984,29.524376057502494,84.53468471229301
2023-07-20,Khammam,28.794528465027746,30.14333792247091,81.35800262472239
2023-07-21,Khammam,27.118689684884448,30.35523249335003,83.51493914368395
2023-07-22,Khammam,27.534529538847877,29.71132281190362,85.3656038636041
2023-07-23,Khammam,27.635411594900827,29.13080247640443,83.58900295911808
2023-07-24,Khammam,27.833821731666,30.949854102683258,81.53578605207653
2023-07-25,Khammam,27.05338088509906,31.31423714061553,83.31793479233075
2023-07-26,Khammam,26.547979731664636,30.226989362517962,79.24708800867157
2023-07-27,Khammam,27.980258365169778,31.914077474715466,77.18500396391477
2023-07-28,Khammam,29.174927925245285,31.007093805367,77.36746525253344
2023-07-29,Khammam,28.396713900037266,31.843997086998186,74.42087862206535
2023-07-30,Khammam,29.483184822200425,31.498250877873065,75.35345253869683
2023-07-31,Khammam,29.222457322508276,31.414779852307746,75.22549463588847
2023-08-01,Khammam,27.14059033058628,31.16022729551091,83.901063096069
2023-08-02,Khammam,25.68305078046981,30.338804288713035,90.02437847862222
2023-08-03,Khammam,27.473409730074884,29.364380411688455,86.90474374357926
2023-08-04,Khammam,27.368129660609306,29.658724438806793,84.8297946683389
2023-08-05,Khammam,27.656455720386873,31.722757777361952,82.3555816464837
2023-08-06,Khammam,27.42162632844415,31.746315835287273,81.20523387597936
2023-08-07,Khammam,26.36894964039276,30.37240300679586,86.5450479030016
2023-08-08,Khammam,26.037661959863478,28.203939211252116,91.170020907723
2023-08-09,Khammam,27.25523745791012,28.44582885917447,91.38042626897024
2023-08-10,Khammam,26.72013762490628,29.90414603444065,84.19348345752739
2023-08-11,Khammam,29.224335799124482,30.55063963685901,82.38074426422762
2023-08-12,Khammam,27.213402912075573,30.529549855798372,83.00943976936107
2023-08-13,Khammam,27.562574880932075,30.125671948549122,86.13654449810589
2023-08-14,Khammam,28.161607929945724,31.539732079326686,80.62139679256396
2023-08-15,Khammam,28.220296483749614,30.322216814491235,84.70114624360518
2023-08-16,Khammam,27.992502757154057,30.99959022634108,80.73391213400157
2023-08-17,Khammam,28.411143494772684,30.885209298605655,82.58905328541843
2023-08-18,Khammam,28.455303872337794,31.53900870033592,78.3213345748578
2023-08-19,Khammam,28.719584900063193,30.22146559913738,84.24105181119118
2023-08-20,Khammam,27.169163775589553,31.67224334465696,79.37442240473688
2023-08-21,Khammam,27.34405541257308,31.472240198164112,81.50025896649286
2023-08-22,Khammam,28.201502895069954,31.587392940448584,73.90328083927609
2023-08-23,Khammam,28.37857160739531,32.78855197461244,75.97955009200403
2023-08-24,Khammam,28.3073025610307,30.050861494655766,79.66784207794775
2023-08-25,Khammam,28.408367872032763,31.733550790927094,76.34627407441299
2023-08-26,Khammam,27.099277091959685,31.926110269704207,77.21698207098014
2023-08-27,Khammam,26.936082612459728,30.597144844108104,86.73581735739518
2023-08-28,Khammam,26.532727769333682,30.802696690276836,84.47297033013979
2023-08-29,Khammam,26.397127462790216,32.13069319328068,82.7934582854733
2023-08-30,Khammam,28.085330243037955,31.88624318531354,80.08172352985466
2023-08-31,Khammam,28.171525193802022,29.18036771017717,86.21769548179002
2023-09-01,Khammam,27.62205078130516,31.531261150771133,80.20875223483088
2023-09-02,Khammam,28.65469370637499,30.477612595415824,78.96644437393657
2023-09-03,Khammam,27.535217750027428,31.393443459284228,76.9546940116449
2023-03-04,Karimnagar,0.0,0.0,0.0
2023-03-05,Karimnagar,26.05554804550168,41.16663394382202,46.979754828945616
2023-03-06,Karimnagar,25.33332850904523,40.055542593210205,48.769828857381974
2023-03-07,Karimnagar,26.666662596167463,38.05555291598791,54.51983460567889
2023-03-08,Karimnagar,25.3333313947263,39.66666295738488,53.28991238713003
2023-03-09,Karimnagar,26.16666505777232,38.05555653756741,57.75990341253861
2023-03-10,Karimnagar,25.333333026319632,38.333333535972315,55.789968154035954
2023-03-11,Karimnagar,28.055554262271034,37.05555812676791,63.21991532060046
2023-03-12,Karimnagar,28.166666399245557,40.055552939725736,58.78001410796138
2023-03-13,Karimnagar,28.333334054999106,38.66666990821883,58.260047268161806
2023-03-14,Karimnagar,29.166668119078214,38.166673831575274,60.280061201659585
2023-03-15,Karimnagar,28.33333685154154,39.055568271522056,57.89014749405716
2023-03-16,Karimnagar,40.194443563287166,60.63889579312801,94.4599263619466
2023-03-17,Karimnagar,26.61112843464657,34.22230042004706,59.91059356039619
2023-03-18,Karimnagar,26.82632592203743,35.655889867811354,66.94063016227925
2023-03-19,Karimnagar,27.7654742167647,39.79665904527417,51.7436350329664
2023-03-20,Karimnagar,29.534438502874668,37.51706501196233,59.1003320181201
2023-03-21,Karimnagar,28.14345320495792,39.025156064900294,52.42014077044184
2023-03-22,Karimnagar,31.599578373720597,35.34590788070593,66.22369140059679
2023-03-23,Karimnagar,29.473699003814655,39.640338297851,51.01591021451129
2023-03-24,Karimnagar,29.94975267466577,37.10683545054992,60.61269630322784
2023-03-25,Karimnagar,28.543540567886158,34.040693708725534,75.41423204463085
2023-03-26,Karimnagar,28.529571307562705,37.831991332206684,51.124940858806355
2023-03-27,Karimnagar,28.03019272751739,38.61101784208571,66.61290638992527
2023-03-28,Karimnagar,27.173128249597383,34.25081760164434,35.947701063728886
2023-03-29,Karimnagar,27.45596560401532,39.16562099822863,52.17460341761266
2023-03-30,Karimnagar,29.706400969038864,38.93177946955111,39.937465150864895
2023-03-31,Karimnagar,28.363268152222805,39.671520511729106,41.383598800120104
2023-04-01,Karimnagar,27.259154436874788,37.024762051729034,39.43698995354002
2023-04-02,Karimnagar,26.96732711385719,38.54282565252446,36.432267995007216
2023-04-03,Karimnagar,33.327074747537694,38.65272768846518,36.65102077725623
2023-04-04,Karimnagar,31.448461692950957,39.214366666629154,46.280320602346116
2023-04-05,Karimnagar,29.284235324117233,36.580031762905506,47.44839529021388
2023-04-06,Karimnagar,28.100097746973734,38.445444338909816,42.99386413084754
2023-04-07,Karimnagar,27.445676529249894,39.19424337031946,43.94465033757368
2023-04-08,Karimnagar,27.89145651607296,39.34969945114373,47.09096680631011
2023-04-09,Karimnagar,28.846392520876186,36.11343643167648,50.93798568777362
2023-04-10,Karimnagar,25.02259575847774,33.455582934718414,66.24702312262558
2023-04-11,Karimnagar,28.50209050234977,36.0706525832083,60.672407423483854
2023-04-12,Karimnagar,25.334061455378983,35.01138274464704,59.56771958988564
2023-04-13,Karimnagar,27.90499947551545,38.405005836951915,50.16823019845394
2023-04-14,Karimnagar,30.284172668823807,35.875993164745246,58.08954829954598
2023-04-15,Karimnagar,27.7146519347187,34.88792282956439,65.2405851046304
2023-04-16,Karimnagar,26.228334355983797,34.565360974669524,70.15993114586075
2023-04-17,Karimnagar,23.708397097846134,30.550062685171184,79.98990381827977
2023-04-18,Karimnagar,26.049405194442645,33.13226208138702,54.65072942911081
2023-04-19,Karimnagar,25.344268641058537,32.16294469807107,67.38910985087306
2023-04-20,Karimnagar,22.8508327814819,33.22485219026159,72.78726022662592
2023-04-21,Karimnagar,24.25617687808347,29.128215925399612,74.66672465702695
2023-04-22,Karimnagar,23.306075443957475,33.52641037676909,77.253564886323
2023-04-23,Karimnagar,26.97231249487436,31.420878984215328,69.86778154827532
2023-04-24,Karimnagar,24.613677028265407,31.452871488945096,66.60756245624546
2023-04-25,Karimnagar,26.70943573284395,33.89740871121195,64.34856566989126
2023-04-26,Karimnagar,26.823951520417193,31.487347421040432,63.68133590766642
2023-04-27,Karimnagar,26.302350489614273,29.61140169437933,69.01690572227774
2023-04-28,Karimnagar,25.989921643039175,34.900840675506224,60.107346093082285
2023-04-29,Karimnagar,26.120697571499115,30.61248263620171,62.26145980788199
2023-04-30,Karimnagar,29.516422162320392,34.016369269382224,52.359412632309684
2023-05-01,Karimnagar,25.851947583441873,31.95837875621727,74.88168411345139
2023-05-02,Karimnagar,25.235251657851627,30.618583302058664,74.22250829516202
2023-05-03,Karimnagar,26.652943415102662,29.902834362665757,73.64219708229726
2023-05-04,Karimnagar,24.375255395743853,33.18384095012987,76.87135561256645
2023-05-05,Karimnagar,26.287521603668043,31.33943791942646,78.46903842550603
2023-05-06,Karimnagar,24.964306228392005,32.883905834413476,74.95797474868854
2023-05-07,Karimnagar,27.584814106395605,33.758047562459446,69.28491787114012
2023-05-08,Karimnagar,25.82868391283959,33.342781521533425,73.65768920084422
2023-05-09,Karimnagar,25.917855107305684,31.810459976477528,86.34142074877423
2023-05-10,Karimnagar,25.643940886559896,31.43800740939449,84.85928695787645
2023-05-11,Karimnagar,24.23489040371817,29.66053822637323,80.5821371386598
2023-05-12,Karimnagar,25.732820035769116,33.11727518402049,77.96618247796391
2023-05-13,Karimnagar,26.438337580529595,31.916186876701286,84.4920827043777
2023-05-14,Karimnagar,24.76702139619215,34.10996371599266,80.40179545677589
2023-05-15,Karimnagar,27.12170072659422,32.55736913233361,82.13964895344714
2023-05-16,Karimnagar,24.311642776876884,31.478968670972783,85.60019452952955
2023-05-17,Karimnagar,27.85601588728872,31.09507797821891,78.96465942486893
2023-05-18,Karimnagar,26.09657897595755,33.16788804258888,73.83931340322812
2023-05-19,Karimnagar,25.745710885476996,33.77308753982476,84.02423249527172
2023-05-20,Karimnagar,26.571076715130552,29.940263371907957,90.22656483351449
2023-05-21,Karimnagar,26.123934413679173,27.404665959758265,90.39320927468184
2023-05-22,Karimnagar,25.277140083424847,30.88049867891993,84.00063354805543
2023-05-23,Karimnagar,24.15784998204522,29.2058446509454,90.1953009393694
2023-05-24,Karimnagar,26.16804433463866,29.212987274873758,87.27717560775626
2023-05-25,Karimnagar,27.234535396951426,33.358216111176006,78.62558377013525
2023-05-26,Karimnagar,26.115420046138063,32.741609536747816,83.95458513096175
2023-05-27,Karimnagar,26.031582591002575,29.376411844679385,86.08870997467208
2023-05-28,Karimnagar,25.92404900942113,33.10659517822116,76.4020860679075
2023-05-29,Karimnagar,26.44500182850826,30.697442749924054,76.55113641378391
2023-05-30,Karimnagar,24.88083889884669,28.996624776077265,84.96217185578129
2023-05-31,Karimnagar,24.772987338826983,27.448605341471534,89.38503538307559
2023-06-01,Karimnagar,24.848049732705004,26.73288403983914,91.30697647709076
2023-06-02,Karimnagar,24.335399493641564,27.384615033761335,84.85734809582506
2023-06-03,Karimnagar,25.52580546950266,32.13955376507076,74.22326954285413
2023-06-04,Karimnagar,24.982768445613104,30.58978987754935,74.28531946995503
2023-06-05,Karimnagar,26.803854083363035,31.69584581342717,64.59005010248143
2023-06-06,Karimnagar,27.350225935910206,32.684576180361155,63.28859633927765
2023-06-07,Karimnagar,26.00799992594603,29.566969501274546,70.10230732699097
2023-06-08,Karimnagar,26.530418762424187,29.024929153811147,76.80750390831057
2023-06-09,Karimnagar,25.854324330395453,31.579359455719317,65.33252135575235
2023-06-10,Karimnagar,27.588586580697765,28.957819941902855,66.4605225134759
2023-06-11,Karimnagar,26.300962479885474,30.688304699841762,60.514173216278756
2023-06-12,Karimnagar,27.302929360986425,31.34678222777146,67.52976806941327
2023-06-13,Karimnagar,27.40412905988967,31.398756135454367,68.65949216847879
2023-06-14,Karimnagar,27.35843853141056,29.901040466869386,74.2502412480558
2023-06-15,Karimnagar,26.996833410331178,32.66328434072349,69.61229951375076
2023-06-16,Karimnagar,26.90122981638082,30.43644628056433,74.72485214629816
2023-06-17,Karimnagar,27.376180056679306,32.776006598868115,72.74222169149228
2023-06-18,Karimnagar,26.618268186253882,32.757916570011794,80.47145375318719
2023-06-19,Karimnagar,26.672227103794018,32.4197828396471,77.48158812331391
2023-06-20,Karimnagar,26.72008312080063,31.406377289149596,74.89287439873492
2023-06-21,Karimnagar,26.96523455049612,33.52006902305964,75.65384920578992
2023-06-22,Karimnagar,27.753120508964248,32.138752892286675,75.62021272242846
2023-06-23,Karimnagar,26.902717068069304,32.921254710681445,66.92082409529607
2023-06-24,Karimnagar,27.267291976965318,33.50574690046124,73.92317568035922
2023-06-25,Karimnagar,25.895089281839113,29.23330074726765,88.31700624252825
2023-06-26,Karimnagar,25.380626543710875,27.937523629525092,87.55210406196464
2023-06-27,Karimnagar,26.597395457785648,31.368536168402965,78.768843048289
2023-06-28,Karimnagar,25.971228098269087,28.92006010992091,87.01257326792641
2023-06-29,Karimnagar,26.690299278278594,30.355462336772568,82.13869986200335
2023-06-30,Karimnagar,26.57323654056679,29.775651026395753,80.750853148476
2023-07-01,Karimnagar,24.612847533854648,29.59876623220704,86.87527464317981
2023-07-02,Karimnagar,24.85777476889609,29.975201613364092,82.522685728036
2023-07-03,Karimnagar,25.280001907134714,31.960913250438725,76.44034190533051
2023-07-04,Karimnagar,26.05326744537819,31.416674275684116,73.63735480028951
2023-07-05,Karimnagar,25.891881565527306,31.872581890435754,74.19334897500238
2023-07-06,Karimnagar,25.47326177697057,30.5037447983169,84.02616406576979
2023-07-07,Karimnagar,25.582717452816347,30.155211613065088,82.83081027023192
2023-07-08,Karimnagar,25.236923726696514,28.76101339833021,87.03525233391105
2023-07-09,Karimnagar,24.71995829376407,30.807370040762144,79.32335189500566
2023-07-10,Karimnagar,25.446704525625545,28.627503959264903,88.84975168510684
2023-07-11,Karimnagar,25.222212511619706,28.006625493330592,91.18027601637957
2023-07-12,Karimnagar,25.9397923913062,30.409724307673276,81.66469815806452
2023-07-13,Karimnagar,24.76141084367721,31.059240337942256,81.36389827223819
2023-07-14,Karimnagar,23.982710564922723,29.689381799741223,88.83652066719758
2023-07-15,Karimnagar,23.827950164651753,30.698060559148562,82.62986100082844
2023-07-16,Karimnagar,25.6397665896517,29.205757385102395,82.43651594876607
2023-07-17,Karimnagar,24.90162972269298,29.060331313943827,87.8981785628567
2023-07-18,Karimnagar,24.177391286078116,28.151898111404922,87.35016776140887
2023-07-19,Karimnagar,25.861279292325666,27.902916731333864,81.32318332980921
2023-07-20,Karimnagar,25.46905902380464,28.402962531481897,77.03434486552409
2023-07-21,Karimnagar,26.89456767414778,30.683061711376535,74.29219428279366
2023-07-22,Karimnagar,24.594764474763288,29.16802630502238,84.30618478615902
2023-07-23,Karimnagar,25.884619220689768,30.463489557826787,78.22730673111027
2023-07-24,Karimnagar,26.32416636030739,31.2658653716393,79.23618240108361
2023-07-25,Karimnagar,24.941147770410254,30.35786084128805,78.87430364482891
2023-07-26,Karimnagar,25.71354809038368,30.55517299591638,78.04231070081521
2023-07-27,Karimnagar,25.222331767105853,31.25262112358488,72.39290531180792
2023-07-28,Karimnagar,26.48002686475624,29.977364033393943,72.4781641514059
2023-07-29,Karimnagar,25.721465348919388,30.621134941763493,73.78747533359403
2023-07-30,Karimnagar,25.758953134110374,29.572008763045133,80.30437931721215
2023-07-31,Karimnagar,25.94482686054552,30.395771045495863,80.90069276829496
2023-08-01,Karimnagar,24.77312867603527,29.805693267183777,88.8880606106016
2023-08-02,Karimnagar,25.269468215825786,30.810616659415768,81.31182221137256
2023-08-03,Karimnagar,25.35039632066357,28.43366979064293,87.15494009664788
2023-08-04,Karimnagar,25.23716223231698,30.96924621458397,83.03169013185999
2023-08-05,Karimnagar,25.225712322753044,30.74565012305982,77.32747009056402
2023-08-06,Karimnagar,24.82566939541726,31.11458929950191,80.41563401587611
2023-08-07,Karimnagar,25.20357735464058,29.721458732141045,83.83976666091937
2023-08-08,Karimnagar,24.556779969718256,28.634329280282014,85.81228884481355
2023-08-09,Karimnagar,25.59115724782984,30.156694205869876,82.10391223489027
2023-08-10,Karimnagar,25.641897645467157,30.031251007449605,78.8867900892054
2023-08-11,Karimnagar,25.94319742596046,31.689498576962816,77.5517990266017
2023-08-12,Karimnagar,26.97426685496166,30.44738540208745,85.98966671810882
2023-08-13,Karimnagar,25.360720923428296,29.70701604890013,82.61075339082406
2023-08-14,Karimnagar,25.605971809933845,31.128750289962383,84.61022162495152
2023-08-15,Karimnagar,25.547402423001966,31.421115880071685,80.00702847993368
2023-08-16,Karimnagar,25.98347671352438,31.917832748545152,78.86115002601136
2023-08-17,Karimnagar,25.30990449279954,32.65348829584621,75.80019904728483
2023-08-18,Karimnagar,25.74450717476612,32.30578238828888,77.79917316745052
2023-08-19,Karimnagar,25.72794683374615,31.104838511873176,81.69013503987274
2023-08-20,Karimnagar,26.191539148137494,32.28667162167214,78.96081226702279
2023-08-21,Karimnagar,25.67790952271347,32.577441160350205,73.04791544371456
2023-08-22,Karimnagar,24.115494268756393,32.60472443962086,71.65748554251715
2023-08-23,Karimnagar,24.38434490750842,32.816224322130125,71.91004604083368
2023-08-24,Karimnagar,24.919183218606978,32.805940043120486,76.23240517073472
2023-08-25,Karimnagar,24.26723918659437,31.4692935763019,74.7961772252468
2023-08-26,Karimnagar,23.922314296991868,32.956658337752245,73.58824000479943
2023-08-27,Karimnagar,25.17997172847527,29.955224444846376,84.64459630091103
2023-08-28,Karimnagar,25.124013769284893,31.804185595270496,80.70535939527808
2023-08-29,Karimnagar,25.23019020441429,31.683228410112946,80.69659674592968
2023-08-30,Karimnagar,24.874663214292294,33.01162872952701,77.43816432591439
2023-08-31,Karimnagar,24.960073765612247,30.810046005145654,81.46439038437991
2023-09-01,Karimnagar,23.762408175753766,33.29491977812137,71.88869211779188
2023-09-02,Karimnagar,24.093192443812057,31.408807167137823,70.70744079696914
2023-09-03,Karimnagar,22.333549476991855,32.176896534433034,69.04050970447295
2023-03-04,Warangal,0.0,0.0,0.0
2023-03-05,Warangal,31.055521891103357,36.055398977616406,46.898311243265425
2023-03-06,Warangal,37.05552627397691,37.05552049487322,32.04069235716064
2023-03-07,Warangal,29.05555877600201,35.05556702024653,53.7285929706529
2023-03-08,Warangal,27.055561540054534,35.333332852253115,59.81924680116496
2023-03-09,Warangal,25.333340146602676,35.0555578887867,59.77983452111159
2023-03-10,Warangal,29.333328334857,36.05554727331506,53.52041419065465
2023-03-11,Warangal,29.05555452052208,37.05554553461628,55.679938982196894
2023-03-12,Warangal,29.055556669908775,35.33334695648318,57.81984069829102
2023-03-13,Warangal,29.33333660792181,36.333329039532735,56.06012887941584
2023-03-14,Warangal,29.055564638782414,36.05556969248221,55.8502128843878
2023-03-15,Warangal,29.05557419995139,36.33340720144533,55.31084210658655
2023-03-16,Warangal,43.86110883129987,55.0833348688032,88.7993699984136
2023-03-17,Warangal,34.05558564514395,31.05594128936539,60.544541411541225
2023-03-18,Warangal,21.48188423649631,32.194190832555876,79.99474003446554
2023-03-19,Warangal,26.33673998225145,34.935761093514344,74.79215999468335
2023-03-20,Warangal,25.859621384485653,34.56067747451201,74.49275756547206
2023-03-21,Warangal,31.175605898165458,36.33065361613736,64.35725867866756
2023-03-22,Warangal,29.43187984217481,35.82809258692267,66.9253854335665
2023-03-23,Warangal,29.733436073845375,34.2282618262551,66.48087265030257
2023-03-24,Warangal,30.607818194255966,36.06571294940835,59.15678627501981
2023-03-25,Warangal,29.845313366049666,35.92200970406003,61.56245180186314
2023-03-26,Warangal,28.01201863065782,33.11010699521876,69.12519064032635
2023-03-27,Warangal,27.3030026765429,36.52712150618071,71.25930138402803
2023-03-28,Warangal,30.883648702545017,31.58725781284032,64.64792937966773
2023-03-29,Warangal,32.96783856969435,35.03645603619545,46.48976093119313
2023-03-30,Warangal,27.629258438567497,36.61439069011061,61.58672153013107
2023-03-31,Warangal,30.91516045720358,36.16387124227327,60.74447692036453
2023-04-01,Warangal,31.10118082426596,36.27172047053574,45.56067091412301
2023-04-02,Warangal,35.46363256041211,36.01668712605567,38.244730271193504
2023-04-03,Warangal,33.295586686129575,38.34752285818504,41.57743978073009
2023-04-04,Warangal,32.548394109912714,37.82626715388868,41.67985623858296
2023-04-05,Warangal,33.41556583227211,39.70129433771785,42.82452103729606
2023-04-06,Warangal,30.19495209506891,33.76790747471561,52.90697625445649
2023-04-07,Warangal,33.68450581629015,40.68443653107542,36.93832966816381
2023-04-08,Warangal,31.740951987979564,39.65460702681433,49.04478600236348
2023-04-09,Warangal,28.695499807337264,33.27320629985198,61.3011251286488
2023-04-10,Warangal,29.2512579517715,37.05427773665286,56.45781234106074
2023-04-11,Warangal,27.513786392823796,36.17744144301654,66.61628700638757
2023-04-12,Warangal,28.73439443070989,34.442023244818735,65.0209314835501
2023-04-13,Warangal,27.41787493817311,36.72989279188032,62.0490591415584
2023-04-14,Warangal,30.390186897204924,33.15030354817078,67.7726637471576
2023-04-15,Warangal,30.03634443374567,35.89241277989926,61.94455609046367
2023-04-16,Warangal,26.88377680702646,34.05693431598934,70.99943183122048
2023-04-17,Warangal,26.355191634562825,32.8352217840245,73.64733112363199
2023-04-18,Warangal,25.972942145852443,28.442795553176694,79.45541415687346
2023-04-19,Warangal,24.168789738653278,32.315652393890765,77.88323275416987
2023-04-20,Warangal,27.24015807836186,33.04125206056644,69.56158408395213
2023-04-21,Warangal,23.88617572654341,26.21262530667842,86.95850160035425
2023-04-22,Warangal,25.563749310964376,33.293007226251845,70.58932724125566
2023-04-23,Warangal,26.40855997461248,31.37091316499632,78.05627682333767
2023-04-24,Warangal,25.087268296370603,29.60387058967615,80.07212028974274
2023-04-25,Warangal,25.977454137878674,30.60822615274443,75.83014120791438
2023-04-26,Warangal,27.422254304782307,29.730978465450598,74.06283403825256
2023-04-27,Warangal,24.42532574032235,29.740328000296312,79.94074233858021
2023-04-28,Warangal,27.00255409643613,31.260193080628046,65.28402713690335
2023-04-29,Warangal,25.755505042567787,31.667792217911916,67.79953536907219
2023-04-30,Warangal,27.24147795515973,29.257261261822066,70.24649751065284
2023-05-01,Warangal,25.297626438968443,32.20944224050709,74.9748498040523
2023-05-02,Warangal,24.799934134381754,30.499241277513967,78.09160542729543
2023-05-03,Warangal,24.113937815244974,27.002801978506692,84.33518368591855
2023-05-04,Warangal,26.81704133633768,29.95853767638026,74.99867595864492
2023-05-05,Warangal,25.28020811816987,30.304070137730662,79.655882870887
2023-05-06,Warangal,24.40090458155201,31.318829602579278,77.25209594756218
2023-05-07,Warangal,30.565302342978082,30.2245631449377,71.61839574612732
2023-05-08,Warangal,28.806538568545065,33.38160692335657,66.07013201819566
2023-05-09,Warangal,24.372751722621157,31.164849521733682,86.35315641840515
2023-05-10,Warangal,25.947770358761893,30.72423583942205,77.90057774262533
2023-05-11,Warangal,25.522123344278437,30.550773865079734,80.79164848340983
2023-05-12,Warangal,26.786729241791107,29.255489180080893,82.32124512346844
2023-05-13,Warangal,23.741427416324203,32.06978603666241,83.24211767399919
2023-05-14,Warangal,26.64788031566175,31.980147012117893,80.70395236279705
2023-05-15,Warangal,26.069674942158297,27.20517689544227,91.28377785123702
2023-05-16,Warangal,26.576767707803626,31.644220180988427,77.52226966693455
2023-05-17,Warangal,26.68599123074497,30.732656629076754,83.63406344055109
2023-05-18,Warangal,26.406727005497313,30.824287019571365,79.08372719147197
2023-05-19,Warangal,26.50020741293316,29.092444352872832,88.55587267318938
2023-05-20,Warangal,26.916339395038854,29.06358406432528,86.42247457627212
2023-05-21,Warangal,24.057654616423576,27.99932313483997,94.7480712725918
2023-05-22,Warangal,26.222132123599934,29.208521596385157,81.15038372007433
2023-05-23,Warangal,24.424245478893173,29.521374062801247,86.91722159317375
2023-05-24,Warangal,25.079329530173712,27.27085584407213,94.2804413959844
2023-05-25,Warangal,24.454750178435035,31.01615021487892,85.07413581577372
2023-05-26,Warangal,25.824104758802353,29.00388436251034,89.31238829378266
2023-05-27,Warangal,24.476758201185515,23.776771508423856,101.37722451765957
2023-05-28,Warangal,26.777729432891523,30.56691592108303,82.07261206029678
2023-05-29,Warangal,26.236318389089213,29.13814559138185,83.58039322010997
2023-05-30,Warangal,25.389860667811583,27.736702626538346,84.57033907152173
2023-05-31,Warangal,24.153167856693944,26.306722812203635,92.68252252580346
2023-06-01,Warangal,24.91000607350501,26.830577724190977,91.12427200177059
2023-06-02,Warangal,23.056688591484797,26.276012507243227,89.45513296351692
2023-06-03,Warangal,25.763934453181577,29.95100885538428,78.60138650357959
2023-06-04,Warangal,24.873747967811884,29.726001261178116,76.99274979146223
2023-06-05,Warangal,24.67531579334876,28.376817397982098,81.81372387080569
2023-06-06,Warangal,24.08181877535917,29.835232300589823,79.50616656572276
2023-06-07,Warangal,25.67133215902438,28.891377088285346,80.87568523674734
2023-06-08,Warangal,23.728069216813797,25.510682706622916,87.9110006713511
2023-06-09,Warangal,25.85955604897409,30.04733518764104,75.40181071896122
2023-06-10,Warangal,25.1618770808411,28.471032202891315,77.87240914329945
2023-06-11,Warangal,25.682804073764505,28.855861972167126,76.80383417161282
2023-06-12,Warangal,25.25421543497294,29.011156456842816,80.25357309503634
2023-06-13,Warangal,26.66919864534057,29.82707679548948,78.00183906683138
2023-06-14,Warangal,24.06864915327402,30.949109463679328,82.61338429095781
2023-06-15,Warangal,26.25807814692483,31.595832825342576,73.61615799912462
2023-06-16,Warangal,26.401795170543497,31.377468290992603,76.0219759642059
2023-06-17,Warangal,25.051569250690303,29.362409217049585,81.25887561156546
2023-06-18,Warangal,25.634328568447646,29.190047797474303,82.7328992625744
2023-06-19,Warangal,27.206690776600002,30.25013912900388,78.7361475268659
2023-06-20,Warangal,24.905064557623028,28.261321394018438,80.92358854201069
2023-06-21,Warangal,27.427248305925133,32.25264641675783,70.72648343980718
2023-06-22,Warangal,26.76205997634465,30.762930297003305,76.85186918877102
2023-06-23,Warangal,27.396157319087724,30.90647278482364,73.53940228218467
2023-06-24,Warangal,26.050033068103694,30.858415421460208,74.55267104712512
2023-06-25,Warangal,25.056419930703036,30.05952657945177,79.67452744779601
2023-06-26,Warangal,24.501685636921344,29.984665640219646,83.25904665412482
2023-06-27,Warangal,25.173141437441345,29.31810967857401,82.09111176623804
2023-06-28,Warangal,24.437416051887226,28.622610227335848,88.14338730011137
2023-06-29,Warangal,25.241249036650814,27.902863261315755,88.07793380437307
2023-06-30,Warangal,24.487549351126482,28.77838685894645,87.64856367714809
2023-07-01,Warangal,24.340747278724276,27.47595044817891,91.31374263073134
2023-07-02,Warangal,24.05034738782865,27.390907037464288,89.8388031510294
2023-07-03,Warangal,25.703316094345425,30.624399115537393,78.70364673865869
2023-07-04,Warangal,25.2341930580228,30.05251507892404,81.86448708559547
2023-07-05,Warangal,26.25447035840086,28.873620344314986,81.77447915272845
2023-07-06,Warangal,24.764131756553883,27.243288356723006,89.48955091110068
2023-07-07,Warangal,24.708552413739,28.147119895936825,84.57145173542831
2023-07-08,Warangal,24.841793482078362,27.94579074746352,88.92305408494225
2023-07-09,Warangal,25.080696151545318,29.555868047323283,80.06242503726097
2023-07-10,Warangal,24.400199556689874,28.701285167254817,88.08889745117878
2023-07-11,Warangal,24.995534403797762,27.13155961933383,92.6652181963277
2023-07-12,Warangal,24.43125509379323,26.732606320865692,94.69474104581677
2023-07-13,Warangal,24.202655181081415,29.64936106257644,86.06607060082685
2023-07-14,Warangal,24.734323916812325,27.682554669141147,90.07914862618841
2023-07-15,Warangal,25.00208388173952,30.45197117152006,82.34385911582864
2023-07-16,Warangal,24.560633099036114,28.443963989193893,87.29153645931399
2023-07-17,Warangal,24.74681259672541,27.443830902410987,88.49864509945633
2023-07-18,Warangal,23.32612565180316,26.77394168040599,93.78058884293254
2023-07-19,Warangal,24.48737564164182,28.303035900449807,86.02248551763118
2023-07-20,Warangal,23.917587091853544,28.927817097945244,85.85554880023192
2023-07-21,Warangal,25.840753874786998,29.95628723832342,76.01643360607748
2023-07-22,Warangal,25.456268581235687,29.363495361288916,81.22093224772959
2023-07-23,Warangal,25.15836403873418,28.573773063403603,83.59500701548693
2023-07-24,Warangal,25.219780098764698,30.33041763641872,80.25167807414412
2023-07-25,Warangal,25.678799652168163,30.764385586469245,77.4496974284915
2023-07-26,Warangal,24.931352155716656,29.215299916793995,79.36547793623917
2023-07-27,Warangal,26.399318664315604,31.86873586112461,70.79874168180488
2023-07-28,Warangal,25.92947592343684,27.858925254785035,79.66211593002582
2023-07-29,Warangal,26.227944529852202,29.988843067669777,70.85909835155306
2023-07-30,Warangal,24.99387349936538,28.771575601401587,83.11924074235304
2023-07-31,Warangal,26.097218948942785,29.829222949389983,78.92591158364067
2023-08-01,Warangal,23.95886902735373,28.06355098660993,89.37748829317641
2023-08-02,Warangal,25.054920479745107,29.437073024225008,81.5088148879165
2023-08-03,Warangal,24.57080423598498,28.61612540660384,87.42704319741759
2023-08-04,Warangal,25.089048685738017,27.92602144895224,88.049586936883
2023-08-05,Warangal,24.452239224672518,29.70341616833971,86.57841147191752
2023-08-06,Warangal,25.738339471880437,30.308776667408775,83.41816876537798
2023-08-07,Warangal,24.436620388948732,28.36659871361061,88.74924962688566
2023-08-08,Warangal,25.187099822162764,28.44711857004954,86.47469646978227
2023-08-09,Warangal,24.470988750716284,27.876190438099268,90.86723913454011
2023-08-10,Warangal,25.432283434593938,28.456800261387826,84.63621213926135
2023-08-11,Warangal,25.28938178013017,28.895206780857073,87.67512415073844
2023-08-12,Warangal,25.906418357581654,29.056567259375846,85.1435033701406
2023-08-13,Warangal,25.035683678059293,30.15204798258782,83.00327674638298
2023-08-14,Warangal,26.12791783164253,30.09700529784287,81.69920588588649
2023-08-15,Warangal,26.397855119587206,30.7474747871174,82.40499802073144
2023-08-16,Warangal,26.004290060382058,28.96415611333923,86.44587028863286
2023-08-17,Warangal,25.419297412924294,30.870105419337214,82.40215710150646
2023-08-18,Warangal,26.00187123043139,29.665700023945078,84.47035126357228
2023-08-19,Warangal,25.173389135676945,27.818582499682645,88.10682439488293
2023-08-20,Warangal,25.83611139209143,30.193931603976697,79.7645814888558
2023-08-21,Warangal,25.5474791154557,29.881354053249616,80.52933288169662
2023-08-22,Warangal,24.392153732713357,30.01834078194465,79.51624775354678
2023-08-23,Warangal,23.547235529425674,29.859578657678256,81.2763478927907
2023-08-24,Warangal,25.10875131799748,30.68953168070736,75.76011559008427
2023-08-25,Warangal,23.85005014867539,30.68918046491579,78.92948012114354
2023-08-26,Warangal,24.31534930990756,31.621060917388245,71.57232193691273
2023-08-27,Warangal,24.507297054474986,30.20942555376223,78.79689784309323
2023-08-28,Warangal,24.961270730507284,28.39377067594274,87.15523689070999
2023-08-29,Warangal,24.475206290697383,29.743972037148893,82.60669206022219
2023-08-30,Warangal,25.5930593243091,30.63721825306068,79.76685759326202
2023-08-31,Warangal,24.369988797091306,28.992434319271155,81.36894289515206
2023-09-01,Warangal,24.17315436761618,30.780960275718336,77.18723879879268
2023-09-02,Warangal,23.711198429506197,29.938548721850857,76.52082378849771
2023-09-03,Warangal,23.7740246163562,29.5486513833433,73.53840036381627
