Date time,Location,Minimum Temperature,Maximum Temperature,Relative Humidity
2023-03-04,Adilabad,39.3332505635736,39.33324515037959,23.20948007536708
2023-03-05,Adilabad,34.055565725648,39.666638745732556,29.089527296682103
2023-03-06,Adilabad,36.33332522668718,36.333339914536246,21.020171371186205
2023-03-07,Adilabad,31.333353197024866,36.33333531379162,36.19938935004998
2023-03-08,Adilabad,35.05554278047347,35.0555619057159,45.01936005958781
2023-03-09,Adilabad,29.833353455586103,38.16665471090809,48.61958374226761
2023-03-10,Adilabad,30.055557565527593,38.83332706481849,45.70996946006273
2023-03-11,Adilabad,32.66665609139748,37.05556266164146,45.600009258782656
2023-03-12,Adilabad,30.05556584097468,31.66669634066792,59.139438448243354
2023-03-13,Adilabad,29.83334150337219,32.33335052015783,70.69935866509049
2023-03-14,Adilabad,31.166701687258406,31.833378376829668,56.150648621949394
2023-03-15,Adilabad,49.50000227519664,49.722236038639494,77.58479172015603
2023-03-16,Adilabad,26.777962518063788,32.38904502832017,56.8914585059194
2023-03-17,Adilabad,32.29184559465119,31.0082863750765,41.63090623330274
2023-03-18,Adilabad,27.91116147010021,35.84445016514619,53.9779403376706
2023-03-19,Adilabad,33.511754322305976,35.63307121300248,55.3702118325929
2023-03-20,Adilabad,28.092577572038987,39.349953737005265,48.082601427125354
2023-03-21,Adilabad,31.075717107274475,37.062947258550636,49.24065093125034
2023-03-22,Adilabad,33.62206109663291,36.61085034960192,49.764074965153306
2023-03-23,Adilabad,29.60894510323246,28.94033852278056,71.4207354378968
2023-03-24,Adilabad,30.142057331123034,34.2771334129937,71.53212855060568
2023-03-25,Adilabad,32.74867826562627,34.59363326082731,43.66232725942838
2023-03-26,Adilabad,31.704473792691417,34.1179980650846,58.80490819907093
2023-03-27,Adilabad,35.55245540209008,38.78840109125297,37.995140437677435
2023-03-28,Adilabad,32.13743745295396,40.39772838539626,33.75425113264036
2023-03-29,Adilabad,35.19288765055925,40.65537496962068,26.635732672357737
2023-03-30,Adilabad,30.520476175016167,39.64696959595502,42.294835457003025
2023-03-31,Adilabad,37.63492741549876,38.75874274549573,28.693968211300312
2023-04-01,Adilabad,33.81541867893121,38.33070457423014,40.92070026653421
2023-04-02,Adilabad,33.281085178990715,40.764425120783216,37.2878085301835
2023-04-03,Adilabad,34.26585621667353,33.60667813553976,51.954141240897485
2023-04-04,Adilabad,31.883889517759,34.19979000934479,54.72023616696312
2023-04-05,Adilabad,33.61406818492985,38.00720132752165,49.932311834939604
2023-04-06,Adilabad,32.45971935478606,36.65158002777761,44.64495133547747
2023-04-07,Adilabad,32.814602435475294,36.086429667944955,50.903202748992186
2023-04-08,Adilabad,34.22963706353088,36.95182837103679,39.405942578918996
2023-04-09,Adilabad,28.070279939517334,36.01807355972978,63.328238865787185
2023-04-10,Adilabad,30.904851473079564,35.83758057998355,45.60888577743748
2023-04-11,Adilabad,29.101473671058603,33.70061689634045,67.45993896830011
2023-04-12,Adilabad,29.333649908243764,34.341810226513076,61.4610503788066
2023-04-13,Adilabad,28.183109964819536,35.74382521345401,63.315277811561074
2023-04-14,Adilabad,27.872504021435617,33.51770744201162,67.57398352014444
2023-04-15,Adilabad,28.414799193977373,29.330951333007352,74.19456530651257
2023-04-16,Adilabad,27.559634118387432,31.98113366804595,77.39303941472993
2023-04-17,Adilabad,27.223848354976845,31.800457254855008,74.82704520080435
2023-04-18,Adilabad,28.4426795626052,30.875458710316313,72.77137150611888
2023-04-19,Adilabad,24.476058110889202,27.71657714476177,88.28889513810924
2023-04-20,Adilabad,26.96802766332316,30.412150110735645,73.9452877558858
2023-04-21,Adilabad,27.08691826124014,33.23106352790244,65.72496915577098
2023-04-22,Adilabad,27.011368363061173,30.926882419391603,76.52718262001073
2023-04-23,Adilabad,27.106749587620964,33.50817439750298,69.74739350398798
2023-04-24,Adilabad,28.830987604368648,32.54587142353341,70.78397248879222
2023-04-25,Adilabad,25.20935529714265,28.811447491800408,87.2303039140218
2023-04-26,Adilabad,25.968914336300372,31.50412452350489,75.09819841482191
2023-04-27,Adilabad,25.250608861860254,27.311181917136153,90.17842336300366
2023-04-28,Adilabad,26.099951148743788,33.78850372188975,70.34151843413903
2023-04-29,Adilabad,25.591761349547202,31.804586416206142,74.73412761888444
2023-04-30,Adilabad,29.989590356652855,31.858282638086703,62.24450438374916
2023-05-01,Adilabad,25.40360522585963,28.54153276436974,87.85243813639192
2023-05-02,Adilabad,27.67150598372127,31.259201853058038,66.1905524465609
2023-05-03,Adilabad,27.191554725041343,31.913851563502735,73.96593202950845
2023-05-04,Adilabad,28.468569195886676,32.16730005083392,66.16068757387741
2023-05-05,Adilabad,28.774288948506868,31.617932324554626,70.2033372513751
2023-05-06,Adilabad,28.380120114117517,29.8495567623206,78.68647983932534
2023-05-07,Adilabad,30.54777198126287,32.49343930190796,61.538199668453224
2023-05-08,Adilabad,29.408171882992203,30.856281233096695,75.22626750585573
2023-05-09,Adilabad,28.91556891149534,28.544112531037673,79.49328802355285
2023-05-10,Adilabad,28.725546956330973,31.751652711028406,70.82240001294926
2023-05-11,Adilabad,27.598497824580974,31.328526215060524,71.88641067175224
2023-05-12,Adilabad,29.90097873125229,31.889616293720227,63.113387482394174
2023-05-13,Adilabad,27.85492256813152,30.598418120011626,74.48708951545106
2023-05-14,Adilabad,28.957066784176188,31.862263727438677,67.17310210551801
2023-05-15,Adilabad,29.568628399436463,33.13637031267182,69.48816124795906
2023-05-16,Adilabad,26.443002768632166,27.664129108207206,87.86851231275222
2023-05-17,Adilabad,27.291954777689906,29.79143325649609,81.51584763743291
2023-05-18,Adilabad,28.28534049964003,29.49081055356652,82.79804476063703
2023-05-19,Adilabad,27.08820627859412,30.464208722166468,80.46486325103582
2023-05-20,Adilabad,26.223039369383557,29.986978255952845,89.09060823115587
2023-05-21,Adilabad,26.481084942653396,29.02509368454975,85.50297933660808
2023-05-22,Adilabad,26.342922598299033,30.616738735656327,84.3974442807596
2023-05-23,Adilabad,25.912976867941392,28.79114083685455,88.15359002089478
2023-05-24,Adilabad,27.799486920902346,28.47073136481615,86.97352703656632
2023-05-25,Adilabad,25.017294376569094,26.106986828138755,95.63354832910024
2023-05-26,Adilabad,27.937765932736383,30.254374041080816,77.84042212443765
2023-05-27,Adilabad,27.936455071779793,31.51567085370549,76.78264846011241
2023-05-28,Adilabad,28.222884884052164,29.61113046095244,80.4813196882773
2023-05-29,Adilabad,27.834756680101588,30.937741042506815,75.77238741883336
2023-05-30,Adilabad,28.067470049060553,29.280391829442323,81.36256920503772
2023-05-31,Adilabad,25.812373712129432,27.51231030379877,94.49647579944065
2023-06-01,Adilabad,24.93764392088754,27.128588358834243,94.38481302337385
2023-06-02,Adilabad,24.40674126666445,25.688688338827628,92.3316627157072
2023-06-03,Adilabad,25.79297263137087,30.2802908715287,79.47804399432734
2023-06-04,Adilabad,25.98243624196538,29.494696374795076,77.63410594582426
2023-06-05,Adilabad,28.30179546824074,29.418343377155463,73.29965976230429
2023-06-06,Adilabad,25.425038279824882,28.54574086094421,81.16397390014484
2023-06-07,Adilabad,27.778683956907916,29.499949992975523,70.70338251220609
2023-06-08,Adilabad,26.115611654099357,30.403243629852046,73.48624374693405
2023-06-09,Adilabad,27.192785149432318,28.384732126181888,75.62511266655359
2023-06-10,Adilabad,26.605217464087964,28.263447404564502,80.70549955722639
2023-06-11,Adilabad,27.205967084875674,28.682592850348623,80.14082677303375
2023-06-12,Adilabad,26.013619638646073,28.76138194927516,80.887606839468
2023-06-13,Adilabad,25.749921653086655,28.710142601334468,82.02363421308465
2023-06-14,Adilabad,26.45940541866896,28.0016639681467,80.3871854562039
2023-06-15,Adilabad,26.45340793132412,29.650348993347663,75.47914607151637
2023-06-16,Adilabad,25.902864138416195,30.182865485963653,78.9081907111476
2023-06-17,Adilabad,27.446621192444145,27.467276497574396,86.49553399670091
2023-06-18,Adilabad,24.608671092314683,27.03183915585704,92.89690301772636
2023-06-19,Adilabad,28.49191653496005,31.73905364685614,71.42619817620846
2023-06-20,Adilabad,27.344379294188887,30.822218515400035,77.96943471818432
2023-06-21,Adilabad,28.032572011649936,29.625579990826154,75.61116266106723
2023-06-22,Adilabad,27.849510864704786,30.048201331020692,74.78092864541554
2023-06-23,Adilabad,29.35207071490493,31.914718683979633,65.88183669596683
2023-06-24,Adilabad,28.03853761968513,30.721717651555164,76.74777509820933
2023-06-25,Adilabad,26.88476359143417,30.81684574804116,77.81600071216205
2023-06-26,Adilabad,26.36183506220419,26.911647967360505,89.19638448175597
2023-06-27,Adilabad,25.797382929456635,30.518598524043192,83.09993320108617
2023-06-28,Adilabad,24.831426892932605,26.426784413832202,92.42435821455682
2023-06-29,Adilabad,26.048669834591124,27.532922478513775,90.03284262757504
2023-06-30,Adilabad,24.20394758311268,26.78983100957277,94.28266932762236
2023-07-01,Adilabad,26.029146040827175,29.424006220255574,78.64247605182885
2023-07-02,Adilabad,25.806344383143546,30.884221282779507,78.05410079423595
2023-07-03,Adilabad,26.40400817483437,27.712033157381935,81.8888246109781
2023-07-04,Adilabad,26.478302918206722,28.773903467924494,79.99328562348644
2023-07-05,Adilabad,28.32234033615523,30.16976778921936,76.40555340420903
2023-07-06,Adilabad,27.332292841984383,29.7496587736309,79.46388787335233
2023-07-07,Adilabad,26.697102466359137,27.656361416784158,84.71317973034245
2023-07-08,Adilabad,27.56130496040804,29.102023391951963,75.21040625817703
2023-07-09,Adilabad,26.70714204509895,29.42584159154649,82.43253828885956
2023-07-10,Adilabad,25.452843234453468,26.806646579310378,94.09004620248612
2023-07-11,Adilabad,27.05613097278391,27.427508319637095,86.0975554705079
2023-07-12,Adilabad,24.807571183608115,26.956743273835766,93.57445731758308
2023-07-13,Adilabad,26.957524316419327,28.68464228321944,82.74714620936184
2023-07-14,Adilabad,26.902746629290142,28.986026219660374,83.68105931479855
2023-07-15,Adilabad,26.139176125289943,26.49649995512685,91.01726618604081
2023-07-16,Adilabad,25.844294599619207,28.77501633430982,85.16153582931017
2023-07-17,Adilabad,26.495833198848224,27.748060938268846,89.26369855181831
2023-07-18,Adilabad,25.35683494648282,26.017100092738943,93.25768478693185
2023-07-19,Adilabad,23.98002027537324,25.83488023027665,99.5514857280268
2023-07-20,Adilabad,25.44322600953087,26.994615381672094,84.84457919205025
2023-07-21,Adilabad,25.829364463893015,29.341147406856102,83.14512885779665
2023-07-22,Adilabad,25.65743382798027,28.205626384564255,85.59691336504224
2023-07-23,Adilabad,27.283055025644646,28.83088084053965,85.8518048510251
2023-07-24,Adilabad,26.424131378336945,29.086481738206658,83.73760004117935
2023-07-25,Adilabad,27.615159675670288,29.561952844077748,80.90659924573582
2023-07-26,Adilabad,26.776782094961717,29.731525556837784,81.32431086212479
2023-07-27,Adilabad,27.51886489992241,27.957386019211445,83.35254074512063
2023-07-28,Adilabad,26.91248552698385,29.2104185039786,83.52479736695508
2023-07-29,Adilabad,27.961465873222444,29.576388629103377,79.02735527275041
2023-07-30,Adilabad,27.017678120304907,29.077893848222555,83.5859342392138
2023-07-31,Adilabad,26.87761983606088,28.901129729999674,82.80645060364607
2023-08-01,Adilabad,25.863013020331643,28.108428277377783,88.25835676826634
2023-08-02,Adilabad,25.447301965776024,28.99655867240847,87.77892269224184
2023-08-03,Adilabad,24.99975953244581,27.055581641072973,94.75038455261523
2023-08-04,Adilabad,26.488880673675194,28.009392491944297,89.9684975109421
2023-08-05,Adilabad,25.97486545226842,28.027516904158354,88.78007992447597
2023-08-06,Adilabad,26.98064193505115,30.034658031206803,79.5335950443948
2023-08-07,Adilabad,25.8974282996323,30.549023835449958,81.02025322395275
2023-08-08,Adilabad,26.975320362749798,28.522520899586866,82.97648122771632
2023-08-09,Adilabad,25.14929185758006,27.75261767073097,90.40362592684562
2023-08-10,Adilabad,26.998528134924346,29.756649369999664,78.29925517446385
2023-08-11,Adilabad,27.005472682188348,28.985725939311056,83.54254725894765
2023-08-12,Adilabad,24.837009894017932,29.21240244609001,89.33400132431532
2023-08-13,Adilabad,25.76202789010742,28.132179651102096,85.36412015149676
2023-08-14,Adilabad,26.516164592534338,30.800536143670435,77.78557838379714
2023-08-15,Adilabad,27.03990324506277,29.171406272003402,85.3014009610156
2023-08-16,Adilabad,28.539036762826072,29.113739802470867,79.75710290991599
2023-08-17,Adilabad,27.141228214127256,29.060457101744905,85.24829683823074
2023-08-18,Adilabad,29.071362672756738,30.391624966977147,72.09235338790528
2023-08-19,Adilabad,28.63902518427844,30.756693365640043,73.65171956227648
2023-08-20,Adilabad,29.014662782255307,30.613903842649528,72.95433443309327
2023-08-21,Adilabad,27.03265957935197,28.863071972561624,82.7196017016859
2023-08-22,Adilabad,28.333617659387762,31.7330576558957,73.68190747832985
2023-08-23,Adilabad,27.73731333328558,30.979999000673352,72.95340701999541
2023-08-24,Adilabad,26.429859941586095,30.395067614289243,76.19513511934522
2023-08-25,Adilabad,27.009187822519632,30.80288097270079,69.90233962490403
2023-08-26,Adilabad,27.042631063603388,31.2587732096887,71.46829428708307
2023-08-27,Adilabad,25.59885690561042,30.400439617118348,73.4769439866258
2023-08-28,Adilabad,26.06558771145767,28.679751660217526,82.63904736775152
2023-08-29,Adilabad,24.944705643121488,28.68197393141928,87.86000890418978
2023-08-30,Adilabad,27.182734648216176,30.929940357394695,72.46714698606574
2023-08-31,Adilabad,26.646644710931838,30.016427527953162,72.34156197584215
2023-09-01,Adilabad,25.48139430154766,29.117293107989003,73.97998371225576
2023-09-02,Adilabad,25.3477573834994,29.843711967394086,70.62009813469783
2023-03-04,Nizamabad,30.33332588813393,40.05553036415713,26.81988865068085
2023-03-05,Nizamabad,28.166662761645632,41.05554080193962,30.229898625982834
2023-03-06,Nizamabad,28.33333069201876,40.66665929463041,32.67991381348359
2023-03-07,Nizamabad,25.33333313703755,39.166664708724554,50.06980068450518
2023-03-08,Nizamabad,23.33333434020838,34.166672114553606,62.07977248639452
2023-03-09,Nizamabad,22.055557088412296,36.33333391704249,59.01988185448245
2023-03-10,Nizamabad,24.66666674950047,38.333331848621185,49.580010909441064
2023-03-11,Nizamabad,27.16666599386298,38.05555644691391,56.1799682870817
2023-03-12,Nizamabad,25.83333428160234,37.833336585012546,53.550025097495606
2023-03-13,Nizamabad,27.33333434004696,36.055564180809526,55.5300366785331
2023-03-14,Nizamabad,27.33333565243932,36.83334562994783,50.73011929455202
2023-03-15,Nizamabad,43.500000479034746,56.86111313209035,68.52998146364575
2023-03-16,Nizamabad,25.166684749030075,39.833375748361696,53.700237645727476
2023-03-17,Nizamabad,29.193269478890223,40.23394951975113,45.52065001545198
2023-03-18,Nizamabad,24.8092562517456,38.94782530990895,60.45908206772273
2023-03-19,Nizamabad,27.646174907043026,34.84689470827789,54.19983094656554
2023-03-20,Nizamabad,28.204706929370882,40.22095522404091,47.5889111720348
2023-03-21,Nizamabad,30.451694879739783,40.2594975042961,41.05582427759444
2023-03-22,Nizamabad,30.61118338506617,34.545115359191634,65.53103915986189
2023-03-23,Nizamabad,26.808383273973185,37.16042948883751,50.55179216097654
2023-03-24,Nizamabad,30.36539962266995,35.35349046111599,50.98371969701725
2023-03-25,Nizamabad,29.5618707713597,37.60467549126305,43.39382237032239
2023-03-26,Nizamabad,30.315196572214877,36.43012219410264,51.46938900991807
2023-03-27,Nizamabad,28.733643212594018,38.53668645545639,42.32410437814179
2023-03-28,Nizamabad,27.754265896061227,41.140508985003,39.15901200156861
2023-03-29,Nizamabad,28.899034380082533,40.534670869672276,39.08170557488194
2023-03-30,Nizamabad,30.074489020522666,39.48194920624722,45.486600514596645
2023-03-31,Nizamabad,29.016096456383508,36.64046416454941,46.27854843464427
2023-04-01,Nizamabad,27.49756122755673,39.58724791676071,34.253337423956765
2023-04-02,Nizamabad,31.226425502938522,36.71688545778654,37.57959029167682
2023-04-03,Nizamabad,27.517700351436954,40.24309427493288,45.25551412691166
2023-04-04,Nizamabad,27.503986858528016,37.84680805249244,48.852135576815215
2023-04-05,Nizamabad,28.64376593987237,38.8264749309729,48.88970324912713
2023-04-06,Nizamabad,27.181872587933274,36.19114334520615,51.295941862527584
2023-04-07,Nizamabad,30.03266360316499,38.61164414833372,49.88033742198951
2023-04-08,Nizamabad,26.389444182217694,40.868433271018716,47.62484784787121
2023-04-09,Nizamabad,25.556558146772876,37.99709278699199,61.91028253804063
2023-04-10,Nizamabad,26.195472980671536,33.74473840799865,65.01250622368593
2023-04-11,Nizamabad,27.3132612018243,33.96801212787258,64.42028753944544
2023-04-12,Nizamabad,23.87822142503363,32.890839940393455,71.9193211279315
2023-04-13,Nizamabad,24.94651052061993,34.453822417408766,70.26091787105847
2023-04-14,Nizamabad,25.413764267120733,32.9543356794456,71.35059856244705
2023-04-15,Nizamabad,27.566031714695917,35.75096661551625,65.10450495090737
2023-04-16,Nizamabad,24.5636341330037,33.69504664756137,73.15679038761677
2023-04-17,Nizamabad,24.69300987621643,31.324048117167656,77.24906423599082
2023-04-18,Nizamabad,25.425010123338094,31.002249639963107,72.87622812147995
2023-04-19,Nizamabad,24.628752135169897,30.654634555887363,75.64862703183896
2023-04-20,Nizamabad,22.104270263231243,33.50903230555341,73.02200167737709
2023-04-21,Nizamabad,23.92641321252447,31.640854186659244,79.57212947378896
2023-04-22,Nizamabad,23.01446656292295,33.09108770964099,76.90696203867611
2023-04-23,Nizamabad,23.39669708989529,32.24980277655776,81.16877996780967
2023-04-24,Nizamabad,23.440771994641093,29.289881325891827,89.84843494448654
2023-04-25,Nizamabad,24.902471833951466,31.876225645237035,72.28720649493944
2023-04-26,Nizamabad,23.71620054693688,31.22268831088277,75.77801283572782
2023-04-27,Nizamabad,23.943779553657052,31.210960229787013,79.21054657699005
2023-04-28,Nizamabad,24.666385725018596,33.93210738105954,65.20602166367382
2023-04-29,Nizamabad,26.143539119690068,31.25441809692992,67.16603615267798
2023-04-30,Nizamabad,27.23195896509646,33.858584564201784,59.881074312049634
2023-05-01,Nizamabad,26.23544471064451,31.87706288258545,68.30775423665104
2023-05-02,Nizamabad,22.083257715135737,31.175730305332173,76.92199810085474
2023-05-03,Nizamabad,24.863296159396878,33.0056746278676,66.78219997809474
2023-05-04,Nizamabad,24.854604310873086,33.168161717928214,74.16871304865207
2023-05-05,Nizamabad,22.707579735320067,29.798524441604,86.22857464153132
2023-05-06,Nizamabad,23.681904953041474,30.696076780985305,82.61668944447429
2023-05-07,Nizamabad,25.487494458983857,32.47597769810045,71.40348203349703
2023-05-08,Nizamabad,25.985497193064468,32.98338385739449,73.06892897822199
2023-05-09,Nizamabad,24.66528940689209,32.75124698752261,81.32499438479287
2023-05-10,Nizamabad,24.380171468735707,29.897516186283106,83.67862267825673
2023-05-11,Nizamabad,25.904608741716753,29.975623794914917,73.37273128428018
2023-05-12,Nizamabad,27.126530991563534,33.42156182682321,64.99812064951985
2023-05-13,Nizamabad,25.538236847864273,32.28026487766824,73.8511654523056
2023-05-14,Nizamabad,24.176123462705885,34.72936810474045,75.35403923115578
2023-05-15,Nizamabad,26.826758081742003,35.1004242158992,71.45859484682197
2023-05-16,Nizamabad,23.92561483723739,28.737443608478735,91.13918367817737
2023-05-17,Nizamabad,24.48220046125597,28.59892429265911,85.34574203511232
2023-05-18,Nizamabad,25.583652829078883,32.01613390507754,78.87139089658788
2023-05-19,Nizamabad,24.535449687010853,30.724695472942454,86.49213015153293
2023-05-20,Nizamabad,23.497764838104924,29.774723382237077,90.70003513576306
2023-05-21,Nizamabad,24.120245386699516,28.68300656022723,87.61674043760311
2023-05-22,Nizamabad,23.79902582340508,27.977783199289316,86.39044966693592
2023-05-23,Nizamabad,24.76597038301716,27.38674268724665,88.7516779622626
2023-05-24,Nizamabad,25.518955396367783,28.575202194764746,84.08616129667259
2023-05-25,Nizamabad,24.422489882092357,31.456227857847633,83.05906034103327
2023-05-26,Nizamabad,25.35953873194973,32.08342210765023,78.86259186802414
2023-05-27,Nizamabad,25.33683921999669,29.480330780876873,81.24324735424175
2023-05-28,Nizamabad,25.940913784288004,30.241879747263557,80.2250336528468
2023-05-29,Nizamabad,23.615094025606624,29.516224491101777,82.89861926855271
2023-05-30,Nizamabad,23.89479577267851,26.056104587643553,92.58287867254371
2023-05-31,Nizamabad,23.40548781396569,25.938797294648047,92.91720035027842
2023-06-01,Nizamabad,22.11440317553317,27.515764395743844,91.18404611784139
2023-06-02,Nizamabad,22.92779197221974,28.568206258542865,87.63386696416757
2023-06-03,Nizamabad,25.226052634299805,31.48322748996228,73.07043289069833
2023-06-04,Nizamabad,25.44715580694526,30.31468285983466,73.15022583185475
2023-06-05,Nizamabad,25.82004999359126,31.70600444787941,68.08765046693196
2023-06-06,Nizamabad,23.76140817900457,31.865758036868815,74.53152170404857
2023-06-07,Nizamabad,24.59994917297007,30.028291032712847,74.10969112566295
2023-06-08,Nizamabad,24.391035787219614,28.76739437200488,74.78134406633428
2023-06-09,Nizamabad,24.968693350354116,30.427539526715385,71.32159749822672
2023-06-10,Nizamabad,24.542038493719275,28.26906756576881,74.82131233778645
2023-06-11,Nizamabad,24.28160526163929,29.51421850781837,74.0048035511134
2023-06-12,Nizamabad,24.121659554529185,30.64657669018411,72.1424081856514
2023-06-13,Nizamabad,24.875831803780212,30.38377916201359,70.36365191529659
2023-06-14,Nizamabad,25.065974859135,29.685136667974078,77.65250646372073
2023-06-15,Nizamabad,25.131079200669465,31.262409579180293,69.63116013068567
2023-06-16,Nizamabad,26.11103076755541,30.804717704472655,70.87608398180116
2023-06-17,Nizamabad,26.533068329732203,31.98408012988813,69.85606993193625
2023-06-18,Nizamabad,25.5311905249399,32.59554153501244,77.30027823408601
2023-06-19,Nizamabad,26.05225086449141,32.125671597569585,71.86208896162582
2023-06-20,Nizamabad,25.233316720506988,31.34842378253214,74.87613545394024
2023-06-21,Nizamabad,26.12491706524663,32.179559041610936,72.55902966190891
2023-06-22,Nizamabad,24.424722766476787,30.419843277624928,79.15128013055546
2023-06-23,Nizamabad,25.25898646030685,31.578438789140762,73.13962992123783
2023-06-24,Nizamabad,25.21577998906702,32.80330334475318,68.73972346584829
2023-06-25,Nizamabad,23.207334786884477,27.345049888147724,89.41179924507074
2023-06-26,Nizamabad,23.99008761093087,27.036648263458897,91.86346005755685
2023-06-27,Nizamabad,24.370671527133194,27.36734226062168,87.62142809760039
2023-06-28,Nizamabad,24.433965606377654,25.667991183734774,91.62604710045362
2023-06-29,Nizamabad,24.883488126424975,27.327160535922868,86.82581619190574
2023-06-30,Nizamabad,23.560191619590153,27.133751027285367,88.16995038605567
2023-07-01,Nizamabad,23.4027523295774,29.860850066853935,86.70814078310268
2023-07-02,Nizamabad,24.050621397360647,30.08980889455569,80.65153524002658
2023-07-03,Nizamabad,25.3343082266656,30.785284597260173,78.09131019370535
2023-07-04,Nizamabad,24.629554911160845,29.709008823782312,84.78555419644724
2023-07-05,Nizamabad,24.072230654888404,30.95891039500095,83.39368739731299
2023-07-06,Nizamabad,24.318862809150637,29.471384732376507,83.12194192518163
2023-07-07,Nizamabad,24.691542916619735,29.39242150312748,85.08277662848889
2023-07-08,Nizamabad,25.02914428655504,29.136995320709865,84.03222229397431
2023-07-09,Nizamabad,24.977794429250196,28.861986427908164,85.71339032784425
2023-07-10,Nizamabad,24.660858635181103,26.422925045123655,90.28500124947122
2023-07-11,Nizamabad,24.83789145407281,27.847046331255417,89.02885379741934
2023-07-12,Nizamabad,24.04694738823639,29.40911975786831,86.51658490048958
2023-07-13,Nizamabad,23.488227060143412,30.82289143426739,85.5798028939413
2023-07-14,Nizamabad,23.58067976410178,29.974266397663246,84.57518428945575
2023-07-15,Nizamabad,23.28696880332239,30.559069791528273,87.0661615945309
2023-07-16,Nizamabad,23.566881780908222,28.88701664956334,87.83001347954195
2023-07-17,Nizamabad,23.75503735940897,27.764792294582822,90.12670856225077
2023-07-18,Nizamabad,23.161131193308723,25.319462817200872,93.85017170043416
2023-07-19,Nizamabad,23.450630283316,28.28968836154977,81.5619864371898
2023-07-20,Nizamabad,23.842758989403187,28.760493250283872,80.98953200801624
2023-07-21,Nizamabad,24.459098812360747,30.357819729248845,73.74928261185761
2023-07-22,Nizamabad,25.468029745438596,29.87461045158983,75.373546712129
2023-07-23,Nizamabad,25.14001412539778,31.230622802923552,73.78154420827624
2023-07-24,Nizamabad,22.900092138002016,29.83852294328392,87.8135529318297
2023-07-25,Nizamabad,23.774315922638078,30.204463609520843,79.56492537073687
2023-07-26,Nizamabad,24.823255665109368,31.606348296181455,74.36821996614083
2023-07-27,Nizamabad,24.94885373239186,30.131201803300623,74.51111149945986
2023-07-28,Nizamabad,24.417801010956747,30.290774887909734,73.34503616239122
2023-07-29,Nizamabad,24.788842222496307,30.339423808785874,73.66458570868825
2023-07-30,Nizamabad,24.952512591208627,30.85457619125039,74.3990864884489
2023-07-31,Nizamabad,24.672461047419667,30.955350128255915,75.76623224093589
2023-08-01,Nizamabad,24.14526560193369,27.672622269498063,87.18513827500031
2023-08-02,Nizamabad,23.549717569130884,28.113621661912326,86.43077044902805
2023-08-03,Nizamabad,24.279221357301914,28.92062873596203,86.82740623338077
2023-08-04,Nizamabad,24.293013875799435,28.97753477410373,83.812769879754
2023-08-05,Nizamabad,23.699273812116143,30.069596429020052,84.66513469896158
2023-08-06,Nizamabad,24.32968076626747,31.606753146239754,80.83736955903163
2023-08-07,Nizamabad,25.209882779163124,29.690809271728355,83.89971116114924
2023-08-08,Nizamabad,24.184490246870805,28.385803763667713,90.28499647813213
2023-08-09,Nizamabad,22.75188782409899,27.391685682037853,89.8352357835412
2023-08-10,Nizamabad,23.240917113117685,29.12720940822219,84.53569720053414
2023-08-11,Nizamabad,23.813859373383355,31.558523369671608,78.82492002482202
2023-08-12,Nizamabad,24.390797419328173,29.824108594262086,86.84413861260606
2023-08-13,Nizamabad,24.569989201972668,29.54346290146029,88.59682350734948
2023-08-14,Nizamabad,25.23587865581773,30.21702425062027,82.98600706852916
2023-08-15,Nizamabad,24.907312796062882,31.573142993779143,80.94947267677209
2023-08-16,Nizamabad,25.311117827936535,31.44407455818545,79.47488911337688
2023-08-17,Nizamabad,24.637535465854526,31.65151153314068,82.83838258342963
2023-08-18,Nizamabad,24.356727555116176,32.52388223006731,79.64768935624791
2023-08-19,Nizamabad,25.340403828393775,32.36894899597015,78.17196707406404
2023-08-20,Nizamabad,24.07701515587889,30.882524562583974,83.28984970388385
2023-08-21,Nizamabad,23.991587609065274,31.38374277976277,79.76961366865439
2023-08-22,Nizamabad,23.592633943749703,32.23906698934079,75.01531866423217
2023-08-23,Nizamabad,22.8413632269733,31.79565103761977,72.70584685347546
2023-08-24,Nizamabad,22.634930210980706,31.71715358810293,74.07856560008757
2023-08-25,Nizamabad,23.683225273774795,31.310005670802006,75.05445496070155
2023-08-26,Nizamabad,23.526517515629543,33.23197930762582,63.7830678307218
2023-08-27,Nizamabad,24.188795903130348,28.778214312099422,83.67821620887983
2023-08-28,Nizamabad,24.486566817922377,29.476627892328104,81.01423690806025
2023-08-29,Nizamabad,23.808693167504458,29.6180441936236,84.69330131545058
2023-08-30,Nizamabad,24.007090745730217,31.19470511770474,77.08602189799734
2023-08-31,Nizamabad,24.336097535626536,31.40487361053554,72.9902910652576
2023-09-01,Nizamabad,22.277046591959465,30.72510949633977,70.71466741935834
2023-09-02,Nizamabad,20.979942271888376,31.45578988228488,72.11469231279146
2023-03-04,Khammam,29.833315739924707,36.833295164327936,63.02934456434416
2023-03-05,Khammam,30.6666569379387,36.83331617670417,60.559674645702415
2023-03-06,Khammam,27.16666597767716,34.055553620923185,61.30979916532959
2023-03-07,Khammam,29.555552444696925,34.33333194182297,61.2698893387258
2023-03-08,Khammam,28.83333273834444,37.055549408850766,60.99994938809228
2023-03-09,Khammam,29.166666181337153,36.66666497870954,56.8200709400836
2023-03-10,Khammam,29.333333305254776,36.83333283046812,58.740023710160365
2023-03-11,Khammam,31.666664724583466,36.66666812392649,53.120169992907236
2023-03-12,Khammam,26.666673254088437,31.833346980663016,82.79954890921063
2023-03-13,Khammam,31.33333443293357,36.66666939849498,56.49040621924301
2023-03-14,Khammam,30.666674681811443,37.0555706784901,59.91036888996484
2023-03-15,Khammam,46.58333131631668,55.861110215094115,86.55513647345501
2023-03-16,Khammam,32.00003166924807,37.166740633744844,57.61135987786061
2023-03-17,Khammam,27.989374677876462,34.38895474440317,61.63847250019539
2023-03-18,Khammam,30.584114422334387,36.23320816843532,62.73031717627509
2023-03-19,Khammam,30.28226085957726,35.63777712837464,65.83076522936851
2023-03-20,Khammam,31.136629670317337,36.641923159286016,56.54945996328016
2023-03-21,Khammam,31.47759096811727,35.40831656606002,63.465549870830806
2023-03-22,Khammam,33.797187549260386,33.96304754066361,59.36477898607069
2023-03-23,Khammam,26.721598770420954,30.98509624161132,91.0812699736852
2023-03-24,Khammam,34.744957291344306,37.94480130175338,44.399820507260166
2023-03-25,Khammam,31.31306360786648,36.966951839258925,62.22699247614058
2023-03-26,Khammam,31.30885167581422,32.528543569681105,68.65736424281809
2023-03-27,Khammam,30.025026322922646,34.04203730795133,69.42167602006775
2023-03-28,Khammam,26.82514836581602,32.491700337507865,80.54574293300601
2023-03-29,Khammam,24.481841701455288,33.25115699357593,73.20754288450287
2023-03-30,Khammam,30.117832810421604,32.204840238483136,69.50509850140405
2023-03-31,Khammam,29.415064178256735,38.69376374136121,57.72065945902531
2023-04-01,Khammam,31.113008948700955,35.40857199050712,54.564331834084925
2023-04-02,Khammam,31.756663387410725,37.79926991891161,49.33341670487656
2023-04-03,Khammam,31.73827537631736,39.32366034711714,47.788500999258424
2023-04-04,Khammam,29.571343436038443,35.31730019984594,65.40508241462635
2023-04-05,Khammam,31.944431320888516,40.50136609240811,49.325027648242326
2023-04-06,Khammam,30.71049160143581,35.56249016235836,61.666650762284945
2023-04-07,Khammam,32.554157454260015,40.09804935258147,45.80472879994713
2023-04-08,Khammam,28.762107743656166,37.785672362644405,66.78522892628766
2023-04-09,Khammam,33.30246431064158,39.59796976592512,49.50184406704887
2023-04-10,Khammam,27.917117783057808,32.148598416089456,71.78560883719717
2023-04-11,Khammam,30.587918991106825,31.902952495045795,70.26184115690259
2023-04-12,Khammam,30.766828666097787,36.04364365777309,63.195317644419646
2023-04-13,Khammam,30.304629172152122,32.50451926397799,67.06039492282655
2023-04-14,Khammam,30.62490535756,35.71872062066008,63.92670801937089
2023-04-15,Khammam,32.6748163547074,37.45482455567073,49.70863858729913
2023-04-16,Khammam,29.490967878872222,32.646774575026754,72.04597903538254
2023-04-17,Khammam,32.39610044407414,37.611147149725184,44.74749279186821
2023-04-18,Khammam,27.212011644950312,27.80457716284967,91.56354624801156
2023-04-19,Khammam,27.811921862554755,31.80539845687985,74.91281847366986
2023-04-20,Khammam,27.2267998176336,31.194659394537634,80.07176947691796
2023-04-21,Khammam,26.863596609024796,29.877000411271652,83.16986328421793
2023-04-22,Khammam,26.160459452706373,31.15965658446875,74.38216992588448
2023-04-23,Khammam,30.684148363802205,31.8114177837688,68.68134468667638
2023-04-24,Khammam,29.367744674522168,34.20803553792081,69.57632742670741
2023-04-25,Khammam,29.965122364218722,34.585269546291784,62.56385083308101
2023-04-26,Khammam,30.9486556723807,33.87066263082642,58.07392674410327
2023-04-27,Khammam,31.460035181159437,33.898934213322605,58.24685231660937
2023-04-28,Khammam,28.16139611616349,33.50499828888644,68.3876493789945
2023-04-29,Khammam,30.8587541165577,34.22790792255138,58.829350996707674
2023-04-30,Khammam,27.877084887440237,31.843773450170712,78.98361457790315
2023-05-01,Khammam,29.689652227077023,33.82723378938742,67.1826531800967
2023-05-02,Khammam,28.662840959991552,33.442199986817634,70.1705704798017
2023-05-03,Khammam,29.057143789409174,33.93940328372278,64.13646335677721
2023-05-04,Khammam,25.2928688963558,31.238688755592502,77.56577634398982
2023-05-05,Khammam,28.981640784765176,30.131346365484866,80.8773288680872
2023-05-06,Khammam,28.695450179162055,32.44278728555348,73.80562967894102
2023-05-07,Khammam,30.951934098314453,35.48540368757396,57.46948555960218
2023-05-08,Khammam,30.860993941754305,34.853788484601324,61.540485054376646
2023-05-09,Khammam,28.51322801110269,31.00308842143032,77.27480198232936
2023-05-10,Khammam,26.748951609819695,29.265230526935582,91.79774497927376
2023-05-11,Khammam,27.53343668154016,31.690425952627905,80.4640801448494
2023-05-12,Khammam,28.746301846494,32.48373506039971,75.214646835444
2023-05-13,Khammam,27.417705155968193,33.843219821281345,77.24995491907465
2023-05-14,Khammam,27.72871354892961,33.584091866078424,75.04819814746998
2023-05-15,Khammam,28.73918887274079,30.098885615335465,81.62160794240998
2023-05-16,Khammam,26.352729741151656,30.20198154493333,80.01347530034914
2023-05-17,Khammam,29.63266745301225,31.34093829111816,76.86924567131791
2023-05-18,Khammam,27.54013026080115,32.62613321893607,76.42847399715482
2023-05-19,Khammam,28.47306578659966,32.23511143571027,77.0122090697754
2023-05-20,Khammam,27.502712128396936,29.86309322273882,86.05019251406569
2023-05-21,Khammam,27.534961899166678,30.036079982679578,85.49494366520923
2023-05-22,Khammam,25.26432011774876,30.430649821409013,86.40654059699862
2023-05-23,Khammam,26.43858425052501,29.043052003261195,91.06122625464698
2023-05-24,Khammam,26.923871212358428,29.264247572683622,85.2842616509017
2023-05-25,Khammam,27.49456434258822,33.525899126274986,73.65068127484103
2023-05-26,Khammam,26.5884523390455,28.821050301776587,93.32530414146142
2023-05-27,Khammam,26.403611386146956,27.321900397484608,93.75810577423705
2023-05-28,Khammam,26.751151706054323,29.79127393027927,82.30264722579798
2023-05-29,Khammam,29.480908364656063,31.026332420604977,73.79528514215056
2023-05-30,Khammam,26.161530778906197,27.431030973262402,90.93501520601548
2023-05-31,Khammam,25.902076355256522,27.993936475583162,88.07072680582775
2023-06-01,Khammam,25.720914623554936,28.91957422650523,87.76800032376033
2023-06-02,Khammam,26.605305003121344,30.53052670946711,83.19560467668144
2023-06-03,Khammam,26.313881484177582,31.623868769280207,81.57851487448961
2023-06-04,Khammam,27.884419897717866,31.651371696265542,79.4624868207886
2023-06-05,Khammam,28.24175758530254,31.186055172207364,72.68164718534716
2023-06-06,Khammam,28.240714351976415,32.189006081452064,71.02049664157143
2023-06-07,Khammam,27.686140063379966,29.909680737467177,76.97861273859606
2023-06-08,Khammam,27.517727209347644,30.92245084840615,76.02947893523833
2023-06-09,Khammam,27.857931478310757,29.327813752736482,74.65088220123977
2023-06-10,Khammam,28.730773945885545,31.51146009215521,71.4782710753441
2023-06-11,Khammam,28.352045571942956,32.00223203082468,67.62912347627613
2023-06-12,Khammam,30.151904591849444,34.65859608906576,61.184836609804066
2023-06-13,Khammam,29.775820158163263,32.18885496422526,66.17898894424874
2023-06-14,Khammam,29.074001812552044,33.391214972165805,65.60851495984824
2023-06-15,Khammam,28.37040858810469,32.80902810252469,71.11396725451134
2023-06-16,Khammam,29.7547429210463,34.129026263933056,65.8657681047345
2023-06-17,Khammam,29.79967159336359,33.014206203001145,73.53735724898165
2023-06-18,Khammam,29.573830442039203,32.04569340526866,66.9215363188132
2023-06-19,Khammam,29.790809597742477,32.25306785539637,77.56023933242265
2023-06-20,Khammam,28.716464327354743,32.184495877373266,75.181462180773
2023-06-21,Khammam,28.755133025493077,31.38453524373652,72.61631407633834
2023-06-22,Khammam,28.119378269000407,31.03803512380052,82.19198622072345
2023-06-23,Khammam,28.03835753968642,29.860803998243583,82.50461821719674
2023-06-24,Khammam,29.30622320441659,33.812684216487476,71.40629698080463
2023-06-25,Khammam,26.491830700104714,29.201537612810757,87.45294619893338
2023-06-26,Khammam,26.86797192879592,29.460143552759746,87.94023435170057
2023-06-27,Khammam,26.67626066410838,29.00140856929409,89.19702589079311
2023-06-28,Khammam,27.31187101250428,30.336258405243356,83.71588543398839
2023-06-29,Khammam,27.21273333031857,29.548173901242652,83.43341584535317
2023-06-30,Khammam,27.440674298236523,30.327866862960022,83.29936273779937
2023-07-01,Khammam,26.92650532509451,28.12118212922547,90.84253939656038
2023-07-02,Khammam,26.37199398146412,29.760528864684076,86.90221283179568
2023-07-03,Khammam,27.65846867143008,31.566129149595877,76.4701320238163
2023-07-04,Khammam,28.80603942473642,32.214834575640914,79.17589460255937
2023-07-05,Khammam,29.297604048762004,32.48010175079534,74.19176468732306
2023-07-06,Khammam,27.970915327856797,32.608020140726715,78.62001758289938
2023-07-07,Khammam,27.179720145647252,28.987507258705072,89.15252934509157
2023-07-08,Khammam,26.639287522864564,28.45244335977094,91.85419187820227
2023-07-09,Khammam,26.154396726869027,29.24727591674675,89.96682832472128
2023-07-10,Khammam,26.507213855834507,28.287974410202256,92.26144190434951
2023-07-11,Khammam,26.256844699842738,26.795262021897916,94.17216354277882
2023-07-12,Khammam,25.909553305510357,27.968730036780435,95.01484959461804
2023-07-13,Khammam,25.90985936443645,30.279328527427527,88.49283922488382
2023-07-14,Khammam,24.430804103447407,27.813862714173606,96.02693732999897
2023-07-15,Khammam,25.294419308222295,28.575536073586495,94.73877965771224
2023-07-16,Khammam,27.251735234548892,29.031300954862886,87.93530280914011
2023-07-17,Khammam,25.91341748718017,27.003110772381383,95.18399858142655
2023-07-18,Khammam,26.311036041013264,29.914028581862567,86.50353374068804
2023-07-19,Khammam,26.965559881337477,29.530013232096493,84.48115846075747
2023-07-20,Khammam,28.797948150196742,30.147831030253748,81.31824301260947
2023-07-21,Khammam,27.122638605039214,30.357965300054715,83.49051102312667
2023-07-22,Khammam,27.53570449075215,29.712364002598054,85.36259140363413
2023-07-23,Khammam,27.632201758175654,29.129077740517214,83.61956902912549
2023-07-24,Khammam,27.822060483966332,30.94226967230615,81.62008773010169
2023-07-25,Khammam,27.026888811262022,31.291126456603546,83.49121406054795
2023-07-26,Khammam,26.602114398955816,30.265812638475566,78.84284587364193
2023-07-27,Khammam,27.98916395839678,31.92223082365454,77.1053916789536
2023-07-28,Khammam,29.182974919094903,31.0129614359864,77.29928141910972
2023-07-29,Khammam,28.404549965437035,31.849684856921233,74.3629129406571
2023-07-30,Khammam,29.489429907762812,31.50274461868159,75.30250186560734
2023-07-31,Khammam,29.22751747066588,31.418873762847515,75.1838560639232
2023-08-01,Khammam,27.148125242834364,31.163206580180308,83.86753042682165
2023-08-02,Khammam,25.68890756900729,30.34063398351628,90.00228300833517
2023-08-03,Khammam,27.474259094068742,29.365239694670713,86.90241541336277
2023-08-04,Khammam,27.365779059695633,29.657696157281773,84.85871487410753
2023-08-05,Khammam,27.648008688256297,31.716792721259814,82.43538915534995
2023-08-06,Khammam,27.401841491868584,31.729241201459917,81.36976529960027
2023-08-07,Khammam,26.404836535882406,30.400104088478656,86.18666767016369
2023-08-08,Khammam,26.047223375761455,28.215354118144184,91.08190918378493
2023-08-09,Khammam,27.26268066050828,28.456120794887063,91.30119653050501
2023-08-10,Khammam,26.72654365820896,29.91236927489545,84.12570576694213
2023-08-11,Khammam,29.227808881259232,30.557949829869415,82.32110943453296
2023-08-12,Khammam,27.21919608521401,30.535719841335766,82.95999081941082
2023-08-13,Khammam,27.566680973482832,30.130145308040152,86.09799904708838
2023-08-14,Khammam,28.16277614833989,31.54282814310315,80.59864512487646
2023-08-15,Khammam,28.220735135650646,30.323812555719986,84.69843762882873
2023-08-16,Khammam,27.990556857140913,30.998162589060676,80.76420456041728
2023-08-17,Khammam,28.4036496141152,30.87644919791195,82.67086375584249
2023-08-18,Khammam,28.437789193141114,31.515141133828124,78.49273980456945
2023-08-19,Khammam,28.7553947710701,30.25958928055383,83.86749664729763
2023-08-20,Khammam,27.18103332300166,31.681636195575457,79.29992694297025
2023-08-21,Khammam,27.35479832318751,31.48042871587792,81.43390531595276
2023-08-22,Khammam,28.20845413476406,31.59382323948681,73.8482515898554
2023-08-23,Khammam,28.38608788815872,32.79411727696849,75.93072723825593
2023-08-24,Khammam,28.312441321687732,30.055471548550017,79.62686460589701
2023-08-25,Khammam,28.412306938696165,31.73779989446354,76.3161057946356
2023-08-26,Khammam,27.103272539510176,31.928474831527137,77.19974862009478
2023-08-27,Khammam,26.937909350333783,30.59850166192012,86.73441051465807
2023-08-28,Khammam,26.530933534336057,30.80083952373805,84.50021033498508
2023-08-29,Khammam,26.38867913745672,32.1235071906226,82.86688762082409
2023-08-30,Khammam,28.0616510337295,31.866606550482302,80.23406518054067
2023-08-31,Khammam,28.213033810086255,29.207971307776734,85.88680161872377
2023-09-01,Khammam,27.63232807769613,31.53752574864378,80.14208583387048
2023-09-02,Khammam,28.66286414945111,30.48301029898447,78.90776038515507
2023-03-04,Karimnagar,25.333326048302286,41.05552296939889,49.7797404782521
2023-03-05,Karimnagar,26.055550056261325,41.16665182297322,46.97986786642766
2023-03-06,Karimnagar,25.33332997359904,40.055550653332176,48.76990029984459
2023-03-07,Karimnagar,26.666663691436234,38.05555656468746,54.519880396912356
2023-03-08,Karimnagar,25.333332246304888,39.66666465636639,53.28994262517611
2023-03-09,Karimnagar,26.166665770346107,38.05555741420868,57.759924882793364
2023-03-10,Karimnagar,25.333333681667877,38.33333418739089,55.789985550566925
2023-03-11,Karimnagar,28.055554943302056,37.05555898543565,63.219932618616674
2023-03-12,Karimnagar,28.166667181580262,40.05555459535557,58.78003501590046
2023-03-13,Karimnagar,28.333335031359063,38.66667345233796,58.26007650584242
2023-03-14,Karimnagar,29.166669405914412,38.16668164752089,60.28010534716508
2023-03-15,Karimnagar,40.999998608786676,59.58334092986324,82.78003679917185
2023-03-16,Karimnagar,27.88890258461982,40.166727366297266,68.17043623017089
2023-03-17,Karimnagar,26.68045695562868,35.45651838380244,61.55195591766213
2023-03-18,Karimnagar,26.900703143681877,36.36041161951292,68.23123373093713
2023-03-19,Karimnagar,27.80523574710492,40.22040660284312,53.038932101648875
2023-03-20,Karimnagar,29.55937227187566,37.851070255643755,60.141344536350836
2023-03-21,Karimnagar,28.164681928624795,39.26443728617103,53.296181277567065
2023-03-22,Karimnagar,31.613046339068454,35.55823641518286,66.86171021605873
2023-03-23,Karimnagar,29.48400419578446,39.79340713536856,51.4642740660161
2023-03-24,Karimnagar,29.95235308452269,37.20586706943827,60.77715109712622
2023-03-25,Karimnagar,28.535827914663145,34.05112917406352,75.22964725835135
2023-03-26,Karimnagar,28.509465311877197,37.67038753729354,50.48916913993213
2023-03-27,Karimnagar,27.99197623043175,38.105612465187185,65.27597824649467
2023-03-28,Karimnagar,27.34800148459468,35.23558151698055,40.27815083742507
2023-03-29,Karimnagar,27.417461630443423,39.256198604221765,52.465797896735054
2023-03-30,Karimnagar,29.67622642914631,38.997827456691695,40.251414551355126
2023-03-31,Karimnagar,28.339506709087384,39.72127927339228,41.6589792282915
2023-04-01,Karimnagar,27.243491866271278,37.077055631465896,39.68131052921712
2023-04-02,Karimnagar,26.95540954136911,38.57026001859786,36.652588393369946
2023-04-03,Karimnagar,33.313292623804834,38.67195680087965,36.81301525951726
2023-04-04,Karimnagar,31.441182421598718,39.22972980077535,46.382168430962324
2023-04-05,Karimnagar,29.281706739147264,36.587343170616855,47.481463498704706
2023-04-06,Karimnagar,28.104510915255673,38.44256236237233,42.90570118855383
2023-04-07,Karimnagar,27.459228984804028,39.17085552242919,43.71650558923132
2023-04-08,Karimnagar,27.913131495962343,39.29099360101388,46.61795366261329
2023-04-09,Karimnagar,28.71931876541071,36.08046992303146,52.972527366651164
2023-04-10,Karimnagar,25.049445121296532,33.56497673066679,66.19270280020525
2023-04-11,Karimnagar,28.523216358182918,36.151165370598534,60.62916362320038
2023-04-12,Karimnagar,25.354703773009103,35.08101630996019,59.52080498115751
2023-04-13,Karimnagar,27.921323829450472,38.45912660194784,50.14166768699844
2023-04-14,Karimnagar,30.2991547249502,35.921126622657766,58.06091215091002
2023-04-15,Karimnagar,27.723514984596548,34.923356459869716,65.22200134699236
2023-04-16,Karimnagar,26.23244548356843,34.59361648848075,70.13450600930766
2023-04-17,Karimnagar,23.705868467589575,30.564167292342187,79.98772789764743
2023-04-18,Karimnagar,26.040487788558274,33.12185021621671,54.6713196564758
2023-04-19,Karimnagar,25.32700006645746,32.105251908977095,67.41989339466238
2023-04-20,Karimnagar,22.821477168703765,33.059783457282904,72.85199648406001
2023-04-21,Karimnagar,24.406359384208834,29.396271531530896,74.48481822605211
2023-04-22,Karimnagar,23.328082846559173,33.58386647581581,77.13971735818613
2023-04-23,Karimnagar,26.988040925297142,31.47314296107873,69.78043686203294
2023-04-24,Karimnagar,24.630218914739537,31.498848313322895,66.52416547904292
2023-04-25,Karimnagar,26.722497383556153,33.93342785027924,64.29376938288138
2023-04-26,Karimnagar,26.83140025016565,31.5177197084033,63.640960408987645
2023-04-27,Karimnagar,26.308439054133295,29.634443472985986,68.99344855681647
2023-04-28,Karimnagar,25.992701932970807,34.9162114424168,60.09478863921478
2023-04-29,Karimnagar,26.121492425080973,30.619570077037633,62.255558698214784
2023-04-30,Karimnagar,29.51148062376606,34.009207118894345,52.39989967735714
2023-05-01,Karimnagar,25.83914976792206,31.92503897231447,74.92749485444352
2023-05-02,Karimnagar,25.21488593375823,30.532156347953382,74.32204241843247
2023-05-03,Karimnagar,26.770615341916287,30.075124703846935,73.26328016150357
2023-05-04,Karimnagar,24.402466364879526,33.21557203176151,76.74217289773352
2023-05-05,Karimnagar,26.30947389041519,31.36720841454354,78.35484547137006
2023-05-06,Karimnagar,24.98451799523018,32.90680241436413,74.85451412580755
2023-05-07,Karimnagar,27.600687656254575,33.77640862778496,69.20277925629287
2023-05-08,Karimnagar,25.84071941971631,33.35733604236349,73.59267263404365
2023-05-09,Karimnagar,25.926783466909807,31.822215578745155,86.28374483483218
2023-05-10,Karimnagar,25.649146976188074,31.446836280682007,84.82421511205325
2023-05-11,Karimnagar,24.23505099971884,29.6646145005857,80.58006183030925
2023-05-12,Karimnagar,25.722565433011255,33.11251535984636,78.02886402572393
2023-05-13,Karimnagar,26.421249781854467,31.895831825037867,84.58467162460279
2023-05-14,Karimnagar,24.73772274779686,34.048904358827635,80.59371682889534
2023-05-15,Karimnagar,27.284206101880084,32.67347971928375,81.44900098614846
2023-05-16,Karimnagar,24.34407165109838,31.525219720996752,85.45287338749321
2023-05-17,Karimnagar,27.883622155031368,31.13404652312106,78.8431556186528
2023-05-18,Karimnagar,26.121366205455583,33.19964384592676,73.73035301512662
2023-05-19,Karimnagar,25.764125398115326,33.79978942986373,83.9311981722805
2023-05-20,Karimnagar,26.586372480807164,29.963430744286804,90.1594040141643
2023-05-21,Karimnagar,26.134375411463513,27.42301561928913,90.34440011056914
2023-05-22,Karimnagar,25.281186466430178,30.893615174930634,83.96631206694926
2023-05-23,Karimnagar,24.155830149362973,29.21172946006543,90.19809863507786
2023-05-24,Karimnagar,26.15800448726252,29.205301361388603,87.3375465196226
2023-05-25,Karimnagar,27.2120049384232,33.3244331576433,78.74188220703992
2023-05-26,Karimnagar,26.07872265875148,32.65095197610586,84.17446339763812
2023-05-27,Karimnagar,26.21812732251471,29.5342656941252,85.30943120698569
2023-05-28,Karimnagar,25.952018536405404,33.13871950772169,76.29159742996458
2023-05-29,Karimnagar,26.46769637891807,30.726236769100247,76.45995051486409
2023-05-30,Karimnagar,24.899742966212468,29.02286930671721,84.88462919192847
2023-05-31,Karimnagar,24.789482132896868,27.471629151614284,89.31303844851085
2023-06-01,Karimnagar,24.85996862238126,26.752125458558506,91.24719966458292
2023-06-02,Karimnagar,24.3429393594427,27.399391560277078,84.8214240699873
2023-06-03,Karimnagar,25.529014682034244,32.14949156324606,74.20923676393643
2023-06-04,Karimnagar,24.98125967746921,30.59380904051747,74.29316678573423
2023-06-05,Karimnagar,26.79521660138796,31.69001006230259,64.63427387204688
2023-06-06,Karimnagar,27.33062007669206,32.65840651026346,63.38833837726637
2023-06-07,Karimnagar,25.97457759579657,29.502370274306227,70.27101693301218
2023-06-08,Karimnagar,26.695394722924384,29.143926143562524,76.23293644400114
2023-06-09,Karimnagar,25.878470489832726,31.60446704763996,65.26466367113228
2023-06-10,Karimnagar,27.609852942871854,28.979361234359935,66.41329339728993
2023-06-11,Karimnagar,26.318833315592276,30.705445573838887,60.4738721873385
2023-06-12,Karimnagar,27.31819191866672,31.361051490801625,67.48810542552253
2023-06-13,Karimnagar,27.415830660779015,31.41052169540576,68.6191311711067
2023-06-14,Karimnagar,27.367651115074,29.91047254677834,74.22104544594585
2023-06-15,Karimnagar,27.00056043275591,32.669741346270555,69.59440184247535
2023-06-16,Karimnagar,26.900347012997226,30.438982373166148,74.71725761429059
2023-06-17,Karimnagar,27.36818918053927,32.7719230880705,72.76663073140737
2023-06-18,Karimnagar,26.60000840164919,32.74030743401909,80.52809656101553
2023-06-19,Karimnagar,26.642485117703078,32.37456295331875,77.59076166158886
2023-06-20,Karimnagar,26.865257260071488,31.487991020305802,74.49330252789434
2023-06-21,Karimnagar,26.98615837093586,33.53687769346514,75.57646877352136
2023-06-22,Karimnagar,27.771056948821034,32.153223016992115,75.55129346846851
2023-06-23,Karimnagar,26.918276319092517,32.93309003088677,66.87545698930975
2023-06-24,Karimnagar,27.28004547671138,33.51559677335262,73.87656622232726
2023-06-25,Karimnagar,25.904344971071563,29.242110265187186,88.27793606493864
2023-06-26,Karimnagar,25.386268008361583,27.944667167814774,87.52570823870892
2023-06-27,Karimnagar,26.599938763381505,31.373438463650103,78.75784253180245
2023-06-28,Karimnagar,25.968566114433074,28.92210525312036,87.01334579942616
2023-06-29,Karimnagar,26.681797806204184,30.352126230196948,82.17722156465115
2023-06-30,Karimnagar,26.55754985243645,29.76183064014722,80.81263628610947
2023-07-01,Karimnagar,24.58594090531567,29.563298162501535,86.98551438357698
2023-07-02,Karimnagar,24.978386384757226,30.043457351992128,82.10700402220135
2023-07-03,Karimnagar,25.296015874933786,31.97510401023964,76.37748356494635
2023-07-04,Karimnagar,26.06762492804589,31.42820393831278,73.57818530304905
2023-07-05,Karimnagar,25.903792142037386,31.882078855578854,74.1543604512549
2023-07-06,Karimnagar,25.48215740077874,30.511475476788796,83.99579693591407
2023-07-07,Karimnagar,25.589630939385746,30.161573700991568,82.79901923798826
2023-07-08,Karimnagar,25.242131032941696,28.7661519534024,87.01162152443949
2023-07-09,Karimnagar,24.72061571402781,30.810812970617274,79.31919731296462
2023-07-10,Karimnagar,25.444118632335144,28.628812903035733,88.84729061550948
2023-07-11,Karimnagar,25.214655084759663,28.0039799961702,91.20529781851427
2023-07-12,Karimnagar,25.924843718509774,30.399168485796167,81.72794968021563
2023-07-13,Karimnagar,24.73809442394814,31.03146325169958,81.46314237909256
2023-07-14,Karimnagar,24.08439265362923,29.736116949435747,88.48703533014864
2023-07-15,Karimnagar,23.84163580975136,30.710177730453104,82.5725431298086
2023-07-16,Karimnagar,25.652760986907346,29.216151349483305,82.38901439975513
2023-07-17,Karimnagar,24.91155448669107,29.069209811597982,87.8626153142607
2023-07-18,Karimnagar,24.185918188650643,28.15970585222052,87.31310709607199
2023-07-19,Karimnagar,25.867992426977867,27.909128133636315,81.30172723193976
2023-07-20,Karimnagar,25.47304934843958,28.40766892713734,77.01912241109493
2023-07-21,Karimnagar,26.897148132899453,30.686251277447326,74.29464850190571
2023-07-22,Karimnagar,24.591833163032813,29.168989886924788,84.31240707574273
2023-07-23,Karimnagar,25.87904389675315,30.461287417014848,78.24555532591148
2023-07-24,Karimnagar,26.31214137909107,31.25655108826139,79.28453469035419
2023-07-25,Karimnagar,24.92033875464448,30.333950432631358,78.96589325871125
2023-07-26,Karimnagar,25.806920164188707,30.600666713898427,77.73970289192091
2023-07-27,Karimnagar,25.236398316848604,31.264015950671165,72.34964945036275
2023-07-28,Karimnagar,26.49248722256736,29.98690429679804,72.44577964832129
2023-07-29,Karimnagar,25.731273240138943,30.62895202219686,73.75569920873691
2023-07-30,Karimnagar,25.76860101304484,29.578930670680844,80.26670302758521
2023-07-31,Karimnagar,25.95143178486625,30.401318101435322,80.87105323465539
2023-08-01,Karimnagar,24.777918516841062,29.809918541668104,88.8688138305057
2023-08-02,Karimnagar,25.269594923497888,30.81369901250703,81.31006727899991
2023-08-03,Karimnagar,25.348821731051196,28.434699101764718,87.1512083424691
2023-08-04,Karimnagar,25.231510998427794,30.967069956143146,83.05301421242704
2023-08-05,Karimnagar,25.213977267094137,30.73690053056337,77.37098561829247
2023-08-06,Karimnagar,24.806963580152022,31.091994786103115,80.48933558369077
2023-08-07,Karimnagar,25.29020607997043,29.759219966860975,83.57658321314597
2023-08-08,Karimnagar,24.569377803969868,28.647132330457115,85.75932929951864
2023-08-09,Karimnagar,25.602715961605814,30.16684645722824,82.06181820857068
2023-08-10,Karimnagar,25.651671688206214,30.03964923507909,78.85921882719546
2023-08-11,Karimnagar,25.951436270048656,31.69641730927398,77.52360875065041
2023-08-12,Karimnagar,26.980579471063987,30.45295118649351,85.97177534698066
2023-08-13,Karimnagar,25.36468986329386,29.711199134693278,82.59343643409821
2023-08-14,Karimnagar,25.60774281598867,31.13176141144006,84.60695300478638
2023-08-15,Karimnagar,25.545058442768088,31.422149631894044,80.00884383497208
2023-08-16,Karimnagar,25.978143822287898,31.915538067535486,78.87963602962805
2023-08-17,Karimnagar,25.29938993251306,32.6447039379592,75.848670936115
2023-08-18,Karimnagar,25.72667287322183,32.28294386938928,77.87993572368025
2023-08-19,Karimnagar,25.810262132893573,31.14496517978378,81.43020850319799
2023-08-20,Karimnagar,26.203146088934847,32.297688512540375,78.91317148402673
2023-08-21,Karimnagar,25.688688797271563,32.58620248647714,73.00813264652245
2023-08-22,Karimnagar,24.123597838939215,32.61229597557757,71.62719465696544
2023-08-23,Karimnagar,24.39146447705451,32.82231538833483,71.89052530088273
2023-08-24,Karimnagar,24.923887259401923,32.8108077349022,76.20933843500109
2023-08-25,Karimnagar,24.270110597507916,31.473064396774397,74.78855318460188
2023-08-26,Karimnagar,23.922740576913753,32.95955392795152,73.57852892303245
2023-08-27,Karimnagar,25.17782973369377,29.95603834252837,84.64377585782124
2023-08-28,Karimnagar,25.118412885322524,31.80210885566552,80.72072517710095
2023-08-29,Karimnagar,25.22081134125191,31.675136212507645,80.73665064085323
2023-08-30,Karimnagar,24.857745262334337,32.9900227492903,77.51120338217298
2023-08-31,Karimnagar,25.035142398544263,30.845382548395992,81.22148252313409
2023-09-01,Karimnagar,23.772199602187538,33.30321054091813,71.84902286276674
2023-09-02,Karimnagar,24.102237251589557,31.415870838073833,70.67500012890564
2023-03-04,Warangal,37.333292289644895,37.33317157560864,33.55878523977689
2023-03-05,Warangal,31.055549537240186,36.055539357215544,46.89877003146303
2023-03-06,Warangal,37.05553949436135,37.055544159193225,32.04080803860369
2023-03-07,Warangal,29.055565472930187,35.05557096554445,53.728605763214695
2023-03-08,Warangal,27.055564930908158,35.333333525958146,59.81925584937979
2023-03-09,Warangal,25.333342028285358,35.055558005333054,59.77984130394913
2023-03-10,Warangal,29.33332951585901,36.05554736365164,53.52042015233933
2023-03-11,Warangal,29.055555925072618,37.05554586841433,55.6799421467826
2023-03-12,Warangal,29.055559052415713,35.33334875632389,57.81986504380756
2023-03-13,Warangal,29.333341275949465,36.333339915921485,56.06024763304934
2023-03-14,Warangal,29.055574200063194,36.05563409746895,55.85075680716436
2023-03-15,Warangal,47.72221755198466,55.000005523798954,72.08998658543521
2023-03-16,Warangal,22.055672518952655,35.77810740443645,78.6896122435371
2023-03-17,Warangal,32.631366108103265,33.37483429540472,61.737502519674415
2023-03-18,Warangal,20.650770935842747,33.19166293437012,81.1068254733823
2023-03-19,Warangal,25.46391478638136,35.34068809893127,76.49237020735877
2023-03-20,Warangal,25.11471568127656,34.8378716199267,75.78976988355338
2023-03-21,Warangal,30.54829890270937,36.50044496815886,65.42216572943025
2023-03-22,Warangal,28.945623586463313,36.009096551903106,67.7003941674192
2023-03-23,Warangal,29.38050184428221,34.380972913917,67.06835114964726
2023-03-24,Warangal,30.423782344095436,36.1772985213613,59.565789011585466
2023-03-25,Warangal,29.920689077669728,35.997128372180065,61.65944638016858
2023-03-26,Warangal,28.54522669063766,33.08491106501735,68.46908833394463
2023-03-27,Warangal,28.747030044473824,35.87725002914428,67.56322528359891
2023-03-28,Warangal,28.056213375317537,32.339941236614834,66.14062916989069
2023-03-29,Warangal,32.29184284333564,35.434249364830514,47.50638645849181
2023-03-30,Warangal,27.102205813338557,36.85349134039437,62.235901056816616
2023-03-31,Warangal,30.44170414944645,36.32760134629792,61.431360765723305
2023-04-01,Warangal,30.699901489739755,36.40513128734423,46.193160471199874
2023-04-02,Warangal,35.13075011322444,36.10346056901761,38.65554841864392
2023-04-03,Warangal,33.03491314101946,38.40752696154124,41.81005496770637
2023-04-04,Warangal,32.3626754368219,37.874667783538975,41.834747031065035
2023-04-05,Warangal,33.32928806033682,39.73461135499508,42.934751796842804
2023-04-06,Warangal,30.26060792784476,33.78828509023464,52.889183398814666
2023-04-07,Warangal,34.031442669033275,40.67556481789457,36.464145539971206
2023-04-08,Warangal,32.65475503987801,39.49843703960185,46.361257945227955
2023-04-09,Warangal,26.551394914863494,33.21175222320539,65.34016295634997
2023-04-10,Warangal,28.769395785726747,37.11486838438655,57.750689216543506
2023-04-11,Warangal,27.11844813915956,36.254619519847964,67.55544032926564
2023-04-12,Warangal,28.402610134984347,34.516450546207025,65.8025443289315
2023-04-13,Warangal,27.143218541214164,36.79060737505005,62.65271640120643
2023-04-14,Warangal,30.167992813614347,33.21669512778626,68.21930724548066
2023-04-15,Warangal,29.861975758527223,35.9425764698081,62.32365146036878
2023-04-16,Warangal,26.752779266758278,34.106427314751016,71.25552130828936
2023-04-17,Warangal,26.292299355612386,32.87797707781209,73.91021424548782
2023-04-18,Warangal,26.00863877957279,28.475470010585415,79.62573408943747
2023-04-19,Warangal,24.40501317412076,32.290494038340185,77.78530415795078
2023-04-20,Warangal,27.848666599593535,32.72825526199871,68.34941423715647
2023-04-21,Warangal,22.551211397267473,26.408850017788318,88.79918639461064
2023-04-22,Warangal,25.224303538972993,33.34705328426896,71.47773554020465
2023-04-23,Warangal,26.123436783369783,31.431924637776476,78.67953975130348
2023-04-24,Warangal,24.851504539313986,29.66785087369549,80.56591414412462
2023-04-25,Warangal,25.779656295082027,30.654122389211793,76.23601401139335
2023-04-26,Warangal,27.26027879896714,29.779145872615203,74.33788777179547
2023-04-27,Warangal,24.302507945271795,29.774853732124328,80.16010810919488
2023-04-28,Warangal,26.91673966634923,31.28664935458926,65.40874060531777
2023-04-29,Warangal,25.721730063332345,31.687718770512962,67.80797618527247
2023-04-30,Warangal,27.29602732061588,29.272584057625405,70.1464871750922
2023-05-01,Warangal,25.504187296228636,32.19776554208189,74.62936857420112
2023-05-02,Warangal,25.318873466633292,30.350565644191384,76.70624562963619
2023-05-03,Warangal,23.088955677088805,27.14102131121981,85.79735164211384
2023-05-04,Warangal,26.548986336345322,30.03149827508709,75.59969565470264
2023-05-05,Warangal,25.05884379628383,30.359643249348213,80.10725828097912
2023-05-06,Warangal,24.213657555402076,31.36510425950996,77.61324956664255
2023-05-07,Warangal,30.418554876139318,30.257570705108613,71.89941608822949
2023-05-08,Warangal,28.686178613869643,33.40890038529364,66.2214482427221
2023-05-09,Warangal,24.271766517669096,31.190265200533418,86.45692996150217
2023-05-10,Warangal,25.880217074667033,30.74663397268928,78.05867202509329
2023-05-11,Warangal,25.49571735294169,30.568270693545877,80.92842133003526
2023-05-12,Warangal,26.83742408205182,29.266836164410964,82.38119861900833
2023-05-13,Warangal,23.923685964075045,32.05827556501053,83.07369768120577
2023-05-14,Warangal,27.090998533310174,31.859885506870352,79.71698619019317
2023-05-15,Warangal,25.2213418701685,27.29995459881456,92.40343748344809
2023-05-16,Warangal,26.37244642496771,31.68990227590929,78.03592207793753
2023-05-17,Warangal,26.51461379971082,30.773226898728534,83.98775988927197
2023-05-18,Warangal,26.254013574375122,30.86041901318915,79.36601569689469
2023-05-19,Warangal,26.383403378020642,29.127054850312167,88.78518890767344
2023-05-20,Warangal,26.821208020776144,29.089825464294133,86.65097915817746
2023-05-21,Warangal,23.978556156437946,28.022066897064846,94.94760538128162
2023-05-22,Warangal,26.169669665335615,29.229569021806313,81.31902359059163
2023-05-23,Warangal,24.401336472164747,29.540198083429345,87.00876710056552
2023-05-24,Warangal,25.11894876079267,27.28321363090674,94.32204802308323
2023-05-25,Warangal,24.597633446517055,31.005535238857235,84.9341231763669
2023-05-26,Warangal,26.180667645485208,28.879348373291137,88.4230930224186
2023-05-27,Warangal,23.78279257904656,23.847806228388563,102.38287585607463
2023-05-28,Warangal,26.600946611882666,30.580161514743505,82.59152776934489
2023-05-29,Warangal,26.089742923169638,29.148791968150523,83.909766563896
2023-05-30,Warangal,25.26398289704458,27.747246245792418,84.79605681065014
2023-05-31,Warangal,24.04695678907502,26.318280986570837,92.87777273201804
2023-06-01,Warangal,24.82356238543249,26.840707194460524,91.31659778817128
2023-06-02,Warangal,22.985629016874743,26.28542991485321,89.60557567598518
2023-06-03,Warangal,25.721806552526207,29.95915916592018,78.67539600286825
2023-06-04,Warangal,24.857970907667198,29.732137499601865,76.98361427376727
2023-06-05,Warangal,24.710062442185357,28.383546459374156,81.70310469305565
2023-06-06,Warangal,24.21083955119802,29.829892374130637,79.2144091948832
2023-06-07,Warangal,25.987824409872015,28.851823278705137,79.81345144973905
2023-06-08,Warangal,23.113103676656056,25.532718539086964,88.86488952105573
2023-06-09,Warangal,25.705733852805867,30.047025257172688,75.8032249008451
2023-06-10,Warangal,25.03495390250432,28.468380136524168,78.14564141434796
2023-06-11,Warangal,25.575896865158533,28.852627519046496,76.99881311837729
2023-06-12,Warangal,25.164894354053068,29.008751102363693,80.40404338738287
2023-06-13,Warangal,26.599324303845748,29.82452292339977,78.11571419969734
2023-06-14,Warangal,24.009938527774842,30.95054588106853,82.7044522913799
2023-06-15,Warangal,26.22445434054135,31.594733547543647,73.6929273872116
2023-06-16,Warangal,26.395484993665654,31.376467390737538,76.06510785108294
2023-06-17,Warangal,25.087447316753224,29.36319029271339,81.24444972003135
2023-06-18,Warangal,25.756383576404826,29.19005629504542,82.56048705323602
2023-06-19,Warangal,27.500275312423085,30.261385935338183,77.83984172464372
2023-06-20,Warangal,24.350429148701622,28.263816541866476,81.81880970946125
2023-06-21,Warangal,27.29129080098517,32.24462048296028,71.07630346334508
2023-06-22,Warangal,26.648399473852734,30.756511407935147,77.08129732701788
2023-06-23,Warangal,27.3010555418062,30.901390034377364,73.71691636259693
2023-06-24,Warangal,25.96826181652097,30.85401820419685,74.67877520000289
2023-06-25,Warangal,24.989150393886433,30.056373972284405,79.76522487914626
2023-06-26,Warangal,24.446265653987307,29.98162340328802,83.37835430269965
2023-06-27,Warangal,25.135802604564418,29.315593196645466,82.2267567182101
2023-06-28,Warangal,24.42524949409514,28.619673548372237,88.31201520488999
2023-06-29,Warangal,25.269420824666035,27.90144989814621,88.21511589604887
2023-06-30,Warangal,24.593264979515453,28.780810076372042,87.59593679193779
2023-07-01,Warangal,24.604173924800048,27.48820155739094,90.59880510650089
2023-07-02,Warangal,23.53530644638513,27.402201576595083,90.71137718426338
2023-07-03,Warangal,25.57427051767384,30.622753217087304,79.08014038878011
2023-07-04,Warangal,25.126041064031785,30.04966413707651,82.09828915745443
2023-07-05,Warangal,26.166336014738544,28.872177149803598,81.9307132624937
2023-07-06,Warangal,24.690420998419903,27.240339171635092,89.62773475828754
2023-07-07,Warangal,24.645534027594532,28.145485724678796,84.69892618827305
2023-07-08,Warangal,24.795655633936942,27.942237427336224,89.02291655057927
2023-07-09,Warangal,25.050555749580887,29.55421238687975,80.14262863403316
2023-07-10,Warangal,24.389396752397918,28.700962606320573,88.1451238426483
2023-07-11,Warangal,25.025281471675736,27.131367548937966,92.71643294011263
2023-07-12,Warangal,24.532694276394228,26.73041210161279,94.63103454878186
2023-07-13,Warangal,24.443900419467607,29.65183410012298,85.41653011348174
2023-07-14,Warangal,24.270659039277124,27.690301290176343,90.8215201453575
2023-07-15,Warangal,24.88785505761615,30.4533455826734,82.642064740113
2023-07-16,Warangal,24.4636848723909,28.442140727647025,87.49612111963214
2023-07-17,Warangal,24.666464964920287,27.44274390442785,88.66137668067006
2023-07-18,Warangal,23.256448771257148,26.77468672955917,93.93139501363817
2023-07-19,Warangal,24.429889185973092,28.303907176815166,86.1459774806363
2023-07-20,Warangal,23.87553758504903,28.928941448978957,85.91053686413493
2023-07-21,Warangal,25.817052528410667,29.95564606480321,76.0138500008551
2023-07-22,Warangal,25.45183839400624,29.362712238997716,81.17521810972228
2023-07-23,Warangal,25.18812335568591,28.572970221700512,83.53125950424804
2023-07-24,Warangal,25.31541637710282,30.333884008223045,80.05965163420193
2023-07-25,Warangal,25.89969322544759,30.76700301120317,76.71547690750688
2023-07-26,Warangal,24.517670964245927,29.219354180308272,79.95451438833494
2023-07-27,Warangal,26.299990598772737,31.867559977861124,70.99950476072338
2023-07-28,Warangal,25.846715616996622,27.857524402459717,79.78648020535564
2023-07-29,Warangal,26.159711636746042,29.988275180813986,70.96288193945877
2023-07-30,Warangal,24.933824832786893,28.77275640530651,83.16855194129062
2023-07-31,Warangal,26.04994922777717,29.83081715011859,79.00350477453384
2023-08-01,Warangal,23.918196395434848,28.064174689323508,89.46149935469259
2023-08-02,Warangal,25.029801661473645,29.43729594656027,81.63568976804375
2023-08-03,Warangal,24.563486749969556,28.617078514360884,87.54120222385579
2023-08-04,Warangal,25.112918706090955,27.927721627020688,88.1404311269919
2023-08-05,Warangal,24.535602914193603,29.704214464197534,86.53374604791205
2023-08-06,Warangal,25.941889149399138,30.306371671573086,82.86611471980018
2023-08-07,Warangal,24.04698596106814,28.370177873917502,89.4004150222775
2023-08-08,Warangal,25.09103676948706,28.447007475522245,86.76680212740268
2023-08-09,Warangal,24.389047564105216,27.881216788117936,91.10341401333017
2023-08-10,Warangal,25.36563902409742,28.458023687738844,84.83439349021668
2023-08-11,Warangal,25.233446761840874,28.89719771363279,87.7917045403503
2023-08-12,Warangal,25.86450036031653,29.05523905706899,85.22191210573627
2023-08-13,Warangal,25.002428208010905,30.153159753942255,83.03972426564583
2023-08-14,Warangal,26.109346748516735,30.09623825369061,81.69922517235054
2023-08-15,Warangal,26.396617368744472,30.748365022655364,82.40626650772789
2023-08-16,Warangal,26.031856937418798,28.96590681035211,86.42333464900526
2023-08-17,Warangal,25.499738291282185,30.871055557386317,82.28477266225505
2023-08-18,Warangal,26.193717770196216,29.663571706466072,83.8967918233596
2023-08-19,Warangal,24.815043871646704,27.816872522466728,88.69354201787966
2023-08-20,Warangal,25.74948715099881,30.19238349469502,80.02293302623671
2023-08-21,Warangal,25.47298824711925,29.881202985748505,80.6883064269978
2023-08-22,Warangal,24.32620801476302,30.018134764349785,79.61423984221891
2023-08-23,Warangal,23.489752045904467,29.85873125304401,81.32992232122416
2023-08-24,Warangal,25.063880319774803,30.689925237861594,75.77311911484925
2023-08-25,Warangal,23.813344134409178,30.68751816240433,78.90976087364878
2023-08-26,Warangal,24.2899129237824,31.62093943816891,71.53936287270967
2023-08-27,Warangal,24.499980527256838,30.206930143744287,78.75719601564464
2023-08-28,Warangal,24.98194952135616,28.394187393663703,87.14354824583421
2023-08-29,Warangal,24.546589578819397,29.742754379268096,82.55787409809679
2023-08-30,Warangal,25.76807481788189,30.643824085816256,79.26055803042787
2023-08-31,Warangal,24.03733199510169,28.989498354060473,81.93862205087258
2023-09-01,Warangal,24.09009163333245,30.77933377926237,77.41346034977126
2023-09-02,Warangal,23.642065427711564,29.936997484051403,76.6750812660951
